id,name,email,hashed_password,bio,interests,gender,location,profile_type,profile_photo,is_verified,verification_code,looking_for,ethnicity,social_media_use,past_activities,personality,occupation,height
0,Taylor Jones,user1@gmail.com,,,"['science', 'comedy', 'crafts_diy', 'movies_tv', 'volunteering']",Male,New York,duo,,False,,,Hispanic,2,"['Water Sports', 'Video Games', 'Creative', 'Team Sports']","['Adventurous', 'Loyal', 'Empathetic']",Maintenance,199
1,Ball Brown,user2@gmail.com,,,"['fashion', 'crafts_diy', 'gaming']",Non-Binary,Chicago,duo,,False,,,Mixed,3,"['Outdoor', 'Creative']","['Cautious', 'Creative', 'Empathetic']",Office/Admin,159
2,Stephen Brown,user3@gmail.com,,,"['crafts_diy', 'board_games', 'podcasts', 'movies_tv']",Female,New York,group,,False,,,Black,3,"['Water Sports', 'Strength Training', 'Dance', 'Video Games']","['Curious', 'Loyal']",Sales,172
3,Aiden Patel,user4@gmail.com,,,"['animals', 'politics', 'collecting']",Male,New York,uno,,False,,,Other,3,"['Strength Training', 'Mind-Body']","['Independent', 'Realistic']",Student,177
4,Taylor Patel,user5@gmail.com,,,"['photography', 'volunteering', 'entrepreneurship', 'history', 'languages']",Female,San Francisco,uno,,False,,,Asian,2,"['Video Games', 'Team Sports']","['Curious', 'Independent']",Student,179
5,Lonzo Miller,user6@gmail.com,,,"['animals', 'spirituality', 'languages', 'gaming']",Male,Chicago,duo,,False,,,Other,1,"['Creative', 'Mind-Body']",['Empathetic'],Creative,185
6,George Gote,user7@gmail.com,,,"['animals', 'entrepreneurship', 'nature', 'podcasts']",Female,Austin,group,,False,,,Mixed,2,['Mind-Body'],"['Organized', 'Driven', 'Curious']",Student,181
7,George Brown,user8@gmail.com,,,"['languages', 'spirituality', 'crafts_diy', 'podcasts']",Male,Phoenix,uno,,False,,,Hispanic,4,"['Individual Sports', 'Video Games']","['Loyal', 'Driven', 'Cautious']",Student,171
8,LeBron Williams,user9@gmail.com,,,"['board_games', 'gaming', 'animals']",Male,New York,duo,,False,,,Middle Eastern,3,"['Water Sports', 'Mind-Body', 'Video Games']","['Analytical', 'Chill', 'Spontaneous']",Student,188
9,Skylar Davis,user10@gmail.com,,,"['podcasts', 'entrepreneurship', 'movies_tv', 'gaming']",Non-Binary,Austin,group,,False,,,Black,2,"['Team Sports', 'Outdoor', 'Indoor Activites', 'Water Sports']",['Spontaneous'],Healthcare,167
10,Riley Brown,user11@gmail.com,,,"['photography', 'languages', 'science', 'podcasts']",Male,San Diego,uno,,False,,,White,4,['Creative'],"['Adventurous', 'Open-Minded', 'Analytical']",Environmental,195
11,Ball Johnson,user12@gmail.com,,,"['languages', 'photography', 'politics', 'animals']",Non-Binary,Chicago,duo,,False,,,Middle Eastern,2,"['Individual Sports', 'Video Games', 'Mind-Body', 'Strength Training']","['Curious', 'Loyal']",Creative,174
12,Plower Kavuri,user13@gmail.com,,,"['entrepreneurship', 'spirituality', 'crafts_diy', 'board_games']",Male,Austin,uno,,False,,,Black,1,"['Individual Sports', 'Dance']","['Spontaneous', 'Chill']",Student,155
13,Jamie Smith,user14@gmail.com,,,"['crafts_diy', 'board_games', 'languages']",Non-Binary,San Francisco,group,,False,,,Middle Eastern,1,"['Video Games', 'Individual Sports', 'Strength Training']","['Romantic', 'Playful']",Student,186
14,Paul Temp,user15@gmail.com,,,"['movies_tv', 'history', 'volunteering', 'fashion']",Female,San Diego,uno,,False,,,Black,3,['Video Games'],['Cautious'],Technology,173
15,Jordan Miller,user16@gmail.com,,,"['politics', 'volunteering', 'history', 'languages']",Male,Chicago,duo,,False,,,Hispanic,5,['Strength Training'],"['Analytical', 'Curious', 'Adventurous']",Creative,178
16,Matthew Davis,user17@gmail.com,,,"['board_games', 'politics', 'collecting', 'cars_motorcycles', 'gaming']",Male,San Diego,duo,,False,,,Other,4,"['Indoor Activites', 'Outdoor', 'Individual Sports', 'Creative']","['Playful', 'Curious']",Media,200
17,Stephen Lota,user18@gmail.com,,,"['comedy', 'science', 'photography']",Male,San Francisco,duo,,False,,,Middle Eastern,1,"['Mind-Body', 'Creative', 'Team Sports']",['Calm'],Production,181
18,Casey Williams,user19@gmail.com,,,"['board_games', 'podcasts', 'politics', 'photography', 'movies_tv']",Female,San Francisco,uno,,False,,,Mixed,5,['Dance'],['Cautious'],Legal Work,153
19,Taylor Lota,user20@gmail.com,,,"['nature', 'volunteering', 'photography', 'history']",Female,Houston,duo,,False,,,Mixed,1,"['Team Sports', 'Creative']",['Analytical'],Student,176
20,Reese Johnson,user21@gmail.com,,,"['comedy', 'nature']",Female,Chicago,uno,,False,,,Black,4,['Individual Sports'],"['Independent', 'Organized']",Research,181
21,Aiden Temp,user22@gmail.com,,,"['volunteering', 'crafts_diy', 'podcasts', 'entrepreneurship']",Male,Houston,group,,False,,,Middle Eastern,1,"['Team Sports', 'Dance']","['Realistic', 'Chill']",Maintenance,167
22,Matthew Wilson,user23@gmail.com,,,"['spirituality', 'podcasts', 'cars_motorcycles', 'movies_tv']",Female,Chicago,uno,,False,,,Mixed,4,"['Dance', 'Water Sports']",['Funny'],Office/Admin,177
23,Avery Kavuri,user24@gmail.com,,,"['comedy', 'gaming']",Male,Houston,group,,False,,,Asian,5,"['Team Sports', 'Dance']",['Organized'],Student,173
24,Ball Wilson,user25@gmail.com,,,"['writing', 'board_games', 'nature', 'history']",Non-Binary,Austin,uno,,False,,,White,5,['Mind-Body'],['Adventurous'],Technology,152
25,George Smith,user26@gmail.com,,,"['writing', 'politics', 'crafts_diy', 'comedy']",Female,Austin,uno,,False,,,White,5,['Video Games'],"['Chill', 'Creative']",Student,195
26,Matthew Kavuri,user27@gmail.com,,,"['languages', 'animals', 'history']",Non-Binary,Chicago,uno,,False,,,Mixed,1,['Strength Training'],"['Analytical', 'Creative']",Student,158
27,Morgan Williams,user28@gmail.com,,,"['photography', 'fashion', 'science', 'collecting', 'politics']",Female,New York,uno,,False,,,Middle Eastern,2,"['Video Games', 'Indoor Activites']","['Loyal', 'Realistic']",Sales,174
28,Riley Williams,user29@gmail.com,,,"['entrepreneurship', 'animals']",Non-Binary,Phoenix,duo,,False,,,Other,1,"['Strength Training', 'Dance', 'Indoor Activites', 'Creative']","['Cautious', 'Romantic', 'Driven']",Student,154
29,Aiden Miller,user30@gmail.com,,,"['animals', 'collecting', 'nature']",Female,San Francisco,uno,,False,,,Hispanic,4,['Mind-Body'],"['Chill', 'Curious', 'Funny']",Healthcare,161
30,Lamelo Johnson,user31@gmail.com,,,"['nature', 'spirituality', 'crafts_diy', 'cars_motorcycles', 'board_games']",Male,Austin,group,,False,,,Hispanic,2,['Strength Training'],['Spontaneous'],Sales,188
31,Taylor Gote,user32@gmail.com,,,"['politics', 'languages', 'animals', 'photography']",Female,Austin,duo,,False,,,Middle Eastern,5,['Creative'],"['Romantic', 'Spontaneous']",Healthcare,173
32,Taylor Brown,user33@gmail.com,,,"['languages', 'science', 'movies_tv']",Female,San Francisco,uno,,False,,,Asian,2,"['Outdoor', 'Creative', 'Video Games', 'Mind-Body']","['Adventurous', 'Calm', 'Chill']",Student,157
33,Jamie Wilson,user34@gmail.com,,,"['photography', 'fashion', 'board_games', 'spirituality']",Male,Austin,duo,,False,,,White,4,"['Dance', 'Video Games']","['Optimistic', 'Adventurous', 'Playful']",Media,194
34,Ball Lota,user35@gmail.com,,,"['animals', 'nature', 'comedy', 'gaming']",Female,Phoenix,uno,,False,,,Black,2,"['Dance', 'Mind-Body', 'Indoor Activites', 'Video Games']","['Driven', 'Thoughtful']",Student,170
35,Ball Davis,user36@gmail.com,,,"['spirituality', 'podcasts']",Non-Binary,San Francisco,uno,,False,,,Asian,4,['Video Games'],"['Cautious', 'Spontaneous']",Research,172
36,Stephen Davis,user37@gmail.com,,,"['entrepreneurship', 'science']",Female,Los Angeles,uno,,False,,,Other,3,"['Creative', 'Outdoor', 'Indoor Activites', 'Video Games']",['Romantic'],Student,180
37,Matthew Miller,user38@gmail.com,,,"['crafts_diy', 'podcasts', 'movies_tv', 'history', 'photography']",Male,San Francisco,duo,,False,,,White,3,"['Mind-Body', 'Team Sports']","['Thoughtful', 'Creative', 'Curious']",Creative,190
38,Jordan Smith,user39@gmail.com,,,"['spirituality', 'nature']",Male,Houston,uno,,False,,,White,1,['Outdoor'],"['Organized', 'Loyal', 'Creative']",Education,177
39,Paul Kavuri,user40@gmail.com,,,"['board_games', 'photography', 'volunteering']",Male,Austin,duo,,False,,,Hispanic,5,"['Mind-Body', 'Water Sports', 'Strength Training']","['Romantic', 'Funny']",Production,175
40,Jamie Johnson,user41@gmail.com,,,"['cars_motorcycles', 'crafts_diy', 'spirituality', 'movies_tv']",Male,San Francisco,group,,False,,,Other,2,"['Mind-Body', 'Outdoor', 'Video Games']",['Calm'],HR,200
41,Matthew Brown,user42@gmail.com,,,"['languages', 'fashion', 'politics']",Female,Phoenix,uno,,False,,,Other,2,"['Individual Sports', 'Strength Training', 'Outdoor', 'Dance']","['Open-Minded', 'Empathetic', 'Spontaneous']",Environmental,189
42,Lamelo Kavuri,user43@gmail.com,,,"['history', 'spirituality']",Male,New York,uno,,False,,,Asian,2,"['Indoor Activites', 'Individual Sports', 'Mind-Body']","['Adventurous', 'Driven']",Student,178
43,Stephen Miller,user44@gmail.com,,,"['nature', 'spirituality', 'comedy', 'cars_motorcycles']",Non-Binary,San Diego,uno,,False,,,White,2,"['Creative', 'Water Sports', 'Dance', 'Team Sports']","['Optimistic', 'Playful', 'Calm']",Legal Work,179
44,Morgan Brown,user45@gmail.com,,,"['science', 'fashion', 'movies_tv']",Male,Los Angeles,uno,,False,,,White,3,"['Individual Sports', 'Creative', 'Team Sports', 'Mind-Body']",['Optimistic'],Student,166
45,Skylar Patel,user46@gmail.com,,,"['nature', 'photography']",Male,Chicago,uno,,False,,,Black,3,['Creative'],"['Analytical', 'Playful']",Education,194
46,Curry Lota,user47@gmail.com,,,"['movies_tv', 'gaming', 'collecting', 'languages', 'photography']",Male,New York,uno,,False,,,Other,1,"['Outdoor', 'Water Sports', 'Video Games', 'Team Sports']","['Realistic', 'Optimistic']",Creative,182
47,Matthew Johnson,user48@gmail.com,,,"['entrepreneurship', 'board_games', 'cars_motorcycles', 'science']",Female,San Diego,group,,False,,,Middle Eastern,3,"['Individual Sports', 'Video Games']","['Funny', 'Organized']",Student,182
48,Matthew Wilson,user49@gmail.com,,,"['history', 'volunteering', 'science', 'comedy']",Female,Phoenix,uno,,False,,,Middle Eastern,2,"['Mind-Body', 'Creative']","['Calm', 'Chill']",Healthcare,194
49,Stephen Lota,user50@gmail.com,,,"['collecting', 'fashion', 'photography']",Female,Phoenix,group,,False,,,Hispanic,2,"['Team Sports', 'Individual Sports', 'Water Sports', 'Indoor Activites']","['Playful', 'Independent', 'Loyal']",Retired,159
50,Ball Jones,user51@gmail.com,,,"['comedy', 'history']",Non-Binary,Austin,uno,,False,,,Middle Eastern,4,"['Outdoor', 'Water Sports']",['Realistic'],Creative,150
51,Morgan Gote,user52@gmail.com,,,"['podcasts', 'animals', 'volunteering']",Female,San Diego,uno,,False,,,Hispanic,1,"['Water Sports', 'Team Sports']","['Empathetic', 'Independent', 'Calm']",Technology,158
52,Aiden Smith,user53@gmail.com,,,"['volunteering', 'animals', 'collecting']",Female,San Diego,duo,,False,,,Asian,3,"['Indoor Activites', 'Individual Sports', 'Team Sports', 'Dance']","['Curious', 'Calm']",Student,186
53,LeBron Jones,user54@gmail.com,,,"['gaming', 'photography', 'animals']",Male,New York,group,,False,,,Asian,2,"['Dance', 'Video Games', 'Individual Sports', 'Indoor Activites']",['Empathetic'],Media,166
54,Alex Lota,user55@gmail.com,,,"['nature', 'fashion']",Male,Phoenix,uno,,False,,,Asian,4,['Outdoor'],['Thoughtful'],Student,150
55,Matthew Wilson,user56@gmail.com,,,"['history', 'cars_motorcycles', 'podcasts', 'science']",Female,San Francisco,duo,,False,,,Asian,1,['Outdoor'],"['Playful', 'Cautious', 'Thoughtful']",Creative,196
56,George Jones,user57@gmail.com,,,"['spirituality', 'movies_tv', 'languages', 'science', 'gaming']",Male,Chicago,duo,,False,,,Mixed,4,"['Dance', 'Team Sports', 'Video Games', 'Creative']","['Realistic', 'Driven', 'Funny']",Student,188
57,Ball Jones,user58@gmail.com,,,"['entrepreneurship', 'writing']",Female,San Diego,uno,,False,,,Mixed,2,"['Outdoor', 'Video Games', 'Dance']","['Empathetic', 'Spontaneous', 'Playful']",Legal Work,153
58,LeBron Williams,user59@gmail.com,,,"['entrepreneurship', 'fashion', 'movies_tv']",Non-Binary,Houston,uno,,False,,,Middle Eastern,3,"['Team Sports', 'Creative']","['Empathetic', 'Calm']",Student,154
59,Avery Jones,user60@gmail.com,,,"['nature', 'fashion', 'writing']",Non-Binary,Houston,uno,,False,,,White,4,"['Strength Training', 'Individual Sports', 'Mind-Body', 'Team Sports']",['Curious'],Retired,176
60,Jamie Smith,user61@gmail.com,,,"['nature', 'cars_motorcycles', 'comedy', 'science', 'podcasts']",Male,New York,duo,,False,,,Hispanic,5,"['Video Games', 'Water Sports', 'Individual Sports', 'Strength Training']","['Creative', 'Spontaneous', 'Romantic']",Student,172
61,Ball Williams,user62@gmail.com,,,"['politics', 'photography', 'entrepreneurship', 'animals', 'history']",Female,Los Angeles,group,,False,,,Asian,4,['Dance'],"['Cautious', 'Curious', 'Spontaneous']",Technology,164
62,Paul Johnson,user63@gmail.com,,,"['nature', 'movies_tv', 'history', 'crafts_diy']",Male,Chicago,uno,,False,,,Middle Eastern,4,"['Strength Training', 'Creative', 'Indoor Activites', 'Video Games']","['Driven', 'Spontaneous']",Student,171
63,George Jones,user64@gmail.com,,,"['collecting', 'nature', 'entrepreneurship', 'spirituality', 'comedy']",Male,Phoenix,duo,,False,,,Other,2,"['Outdoor', 'Dance']","['Driven', 'Cautious']",Environmental,181
64,Curry Lota,user65@gmail.com,,,"['science', 'history', 'entrepreneurship', 'gaming', 'podcasts']",Male,Los Angeles,uno,,False,,,Mixed,5,"['Creative', 'Dance', 'Mind-Body']","['Optimistic', 'Playful', 'Creative']",Media,167
65,Jordan Wilson,user66@gmail.com,,,"['crafts_diy', 'movies_tv']",Non-Binary,Chicago,duo,,False,,,Mixed,2,"['Strength Training', 'Team Sports', 'Video Games']","['Driven', 'Analytical']",Legal Work,187
66,Jamie Patel,user67@gmail.com,,,"['languages', 'photography', 'nature', 'gaming']",Male,San Diego,duo,,False,,,Black,1,"['Outdoor', 'Water Sports', 'Video Games', 'Team Sports']","['Spontaneous', 'Organized']",HR,154
67,Lonzo Miller,user68@gmail.com,,,"['crafts_diy', 'board_games', 'fashion']",Female,San Francisco,uno,,False,,,Mixed,3,"['Team Sports', 'Water Sports']",['Open-Minded'],Technology,178
68,Morgan Gote,user69@gmail.com,,,"['languages', 'photography', 'cars_motorcycles']",Female,San Diego,group,,False,,,Asian,4,['Outdoor'],"['Funny', 'Realistic', 'Romantic']",Retired,160
69,Morgan Miller,user70@gmail.com,,,"['entrepreneurship', 'spirituality', 'collecting', 'gaming']",Male,Austin,duo,,False,,,White,3,"['Mind-Body', 'Strength Training', 'Individual Sports', 'Dance']","['Loyal', 'Playful']",Student,155
70,Morgan Patel,user71@gmail.com,,,"['spirituality', 'entrepreneurship', 'crafts_diy', 'writing']",Non-Binary,Phoenix,duo,,False,,,White,1,"['Individual Sports', 'Mind-Body']","['Realistic', 'Funny', 'Open-Minded']",HR,164
71,Stephen Brown,user72@gmail.com,,,"['collecting', 'writing', 'gaming', 'board_games']",Non-Binary,Los Angeles,group,,False,,,Asian,1,"['Mind-Body', 'Strength Training', 'Creative']","['Funny', 'Cautious', 'Romantic']",Office/Admin,159
72,Jordan Wilson,user73@gmail.com,,,"['politics', 'volunteering', 'board_games']",Male,Austin,uno,,False,,,Middle Eastern,4,"['Video Games', 'Mind-Body']",['Calm'],Healthcare,164
73,Paul Miller,user74@gmail.com,,,"['gaming', 'volunteering']",Female,New York,uno,,False,,,Black,1,['Dance'],"['Thoughtful', 'Loyal']",Retired,194
74,Liangelo Lota,user75@gmail.com,,,"['volunteering', 'fashion', 'entrepreneurship']",Non-Binary,Los Angeles,duo,,False,,,Asian,3,"['Individual Sports', 'Dance', 'Video Games', 'Water Sports']","['Open-Minded', 'Cautious']",Research,199
75,Casey Brown,user76@gmail.com,,,"['spirituality', 'volunteering']",Male,Austin,duo,,False,,,Other,1,"['Water Sports', 'Indoor Activites', 'Video Games', 'Outdoor']",['Chill'],Student,170
76,Liangelo Miller,user77@gmail.com,,,"['volunteering', 'comedy', 'entrepreneurship', 'board_games']",Non-Binary,Los Angeles,group,,False,,,Black,5,"['Water Sports', 'Outdoor', 'Individual Sports', 'Strength Training']","['Playful', 'Open-Minded']",Environmental,157
77,Skylar Brown,user78@gmail.com,,,"['writing', 'crafts_diy', 'nature', 'spirituality', 'animals']",Female,Austin,uno,,False,,,Hispanic,3,['Water Sports'],"['Curious', 'Open-Minded']",Legal Work,179
78,George Johnson,user79@gmail.com,,,"['gaming', 'animals', 'crafts_diy', 'spirituality', 'board_games']",Male,San Francisco,duo,,False,,,Middle Eastern,5,"['Mind-Body', 'Outdoor', 'Indoor Activites', 'Video Games']",['Loyal'],Production,156
79,Riley Patel,user80@gmail.com,,,"['movies_tv', 'nature', 'fashion', 'podcasts']",Female,Los Angeles,duo,,False,,,Asian,5,"['Mind-Body', 'Creative', 'Outdoor', 'Team Sports']","['Adventurous', 'Analytical', 'Thoughtful']",Education,179
80,Aiden Johnson,user81@gmail.com,,,"['science', 'languages']",Female,Chicago,uno,,False,,,White,1,"['Team Sports', 'Dance']","['Chill', 'Organized']",Research,180
81,Morgan Johnson,user82@gmail.com,,,"['gaming', 'fashion', 'science']",Female,San Diego,uno,,False,,,Asian,3,"['Creative', 'Video Games', 'Water Sports', 'Strength Training']",['Organized'],Sales,159
82,George Brown,user83@gmail.com,,,"['crafts_diy', 'fashion', 'comedy', 'languages', 'volunteering']",Female,Chicago,group,,False,,,Asian,4,"['Strength Training', 'Creative', 'Indoor Activites', 'Water Sports']",['Realistic'],Media,156
83,Jamie Lota,user84@gmail.com,,,"['gaming', 'nature']",Male,San Francisco,uno,,False,,,Hispanic,2,['Strength Training'],"['Organized', 'Calm']",Maintenance,158
84,George Smith,user85@gmail.com,,,"['nature', 'cars_motorcycles', 'board_games', 'politics', 'fashion']",Female,Phoenix,uno,,False,,,Asian,4,['Team Sports'],"['Thoughtful', 'Realistic', 'Chill']",Student,186
85,Morgan Brown,user86@gmail.com,,,"['spirituality', 'entrepreneurship', 'crafts_diy', 'gaming']",Non-Binary,Houston,uno,,False,,,Hispanic,4,"['Creative', 'Strength Training', 'Dance', 'Outdoor']","['Curious', 'Realistic']",Student,152
86,Plower Lota,user87@gmail.com,,,"['fashion', 'comedy', 'nature', 'gaming']",Female,Austin,group,,False,,,Black,5,"['Team Sports', 'Mind-Body']",['Organized'],Student,191
87,Curry Smith,user88@gmail.com,,,"['history', 'collecting', 'nature']",Male,San Diego,uno,,False,,,White,2,"['Water Sports', 'Strength Training']","['Thoughtful', 'Open-Minded']",Legal Work,165
88,Lamelo Gote,user89@gmail.com,,,"['comedy', 'spirituality', 'science', 'nature']",Female,San Diego,uno,,False,,,Other,3,"['Video Games', 'Strength Training', 'Mind-Body']","['Spontaneous', 'Driven']",Healthcare,167
89,Curry Lota,user90@gmail.com,,,"['cars_motorcycles', 'volunteering', 'science', 'writing']",Non-Binary,San Diego,uno,,False,,,White,1,"['Outdoor', 'Creative', 'Indoor Activites']","['Empathetic', 'Realistic', 'Playful']",Education,166
90,Lonzo Patel,user91@gmail.com,,,"['volunteering', 'photography', 'spirituality', 'board_games', 'history']",Non-Binary,Austin,uno,,False,,,Asian,3,"['Video Games', 'Outdoor']",['Driven'],Maintenance,178
91,Curry Smith,user92@gmail.com,,,"['podcasts', 'politics', 'gaming', 'collecting', 'photography']",Male,Phoenix,group,,False,,,Middle Eastern,2,"['Team Sports', 'Indoor Activites', 'Dance']","['Empathetic', 'Calm']",Student,177
92,Alex Kavuri,user93@gmail.com,,,"['volunteering', 'gaming', 'spirituality', 'languages', 'fashion']",Non-Binary,Chicago,group,,False,,,Hispanic,2,"['Outdoor', 'Indoor Activites', 'Creative', 'Team Sports']",['Romantic'],Student,187
93,Casey Jones,user94@gmail.com,,,"['fashion', 'photography', 'collecting', 'entrepreneurship', 'board_games']",Non-Binary,San Francisco,uno,,False,,,Middle Eastern,1,"['Individual Sports', 'Water Sports']",['Empathetic'],Retired,200
94,Aiden Wilson,user95@gmail.com,,,"['cars_motorcycles', 'politics', 'comedy', 'entrepreneurship']",Female,San Diego,group,,False,,,Other,5,"['Mind-Body', 'Video Games', 'Water Sports', 'Strength Training']","['Spontaneous', 'Funny', 'Adventurous']",Client Relation/Support,173
95,Reese Temp,user96@gmail.com,,,"['cars_motorcycles', 'nature', 'crafts_diy', 'movies_tv']",Female,New York,duo,,False,,,Asian,5,"['Creative', 'Strength Training', 'Individual Sports', 'Water Sports']","['Playful', 'Empathetic']",Student,180
96,Lonzo Smith,user97@gmail.com,,,"['spirituality', 'movies_tv']",Male,San Diego,uno,,False,,,Mixed,4,['Outdoor'],"['Calm', 'Funny', 'Organized']",Legal Work,191
97,Reese Kavuri,user98@gmail.com,,,"['gaming', 'languages']",Non-Binary,Austin,duo,,False,,,Mixed,1,"['Water Sports', 'Team Sports', 'Strength Training']",['Organized'],Production,156
98,Paul Kavuri,user99@gmail.com,,,"['crafts_diy', 'volunteering']",Female,Phoenix,group,,False,,,Asian,4,"['Outdoor', 'Creative', 'Mind-Body']",['Organized'],Education,173
99,Lonzo Wilson,user100@gmail.com,,,"['spirituality', 'politics', 'podcasts', 'crafts_diy', 'animals']",Non-Binary,San Diego,uno,,False,,,Middle Eastern,2,"['Creative', 'Dance']","['Calm', 'Spontaneous']",Student,156
100,Reese Gote,user101@gmail.com,,,"['board_games', 'cars_motorcycles']",Female,Chicago,duo,,False,,,Mixed,4,"['Outdoor', 'Creative']",['Open-Minded'],Client Relation/Support,161
101,Morgan Patel,user102@gmail.com,,,"['entrepreneurship', 'board_games']",Male,Los Angeles,uno,,False,,,Mixed,5,"['Water Sports', 'Strength Training']",['Cautious'],Student,176
102,Matthew Kavuri,user103@gmail.com,,,"['collecting', 'politics']",Female,New York,uno,,False,,,Other,5,"['Dance', 'Creative', 'Strength Training']",['Realistic'],Retired,197
103,Matthew Smith,user104@gmail.com,,,"['movies_tv', 'science']",Female,Los Angeles,group,,False,,,Other,3,"['Water Sports', 'Creative', 'Individual Sports', 'Outdoor']","['Spontaneous', 'Thoughtful']",Client Relation/Support,173
104,Plower Patel,user105@gmail.com,,,"['animals', 'entrepreneurship', 'history']",Female,San Diego,uno,,False,,,Other,1,"['Indoor Activites', 'Mind-Body']",['Optimistic'],Student,182
105,Reese Smith,user106@gmail.com,,,"['languages', 'movies_tv', 'writing', 'fashion', 'photography']",Female,Austin,uno,,False,,,White,2,"['Water Sports', 'Mind-Body']","['Open-Minded', 'Cautious']",Student,158
106,LeBron Williams,user107@gmail.com,,,"['writing', 'photography', 'entrepreneurship', 'animals']",Female,Houston,group,,False,,,Black,3,['Dance'],['Playful'],Student,193
107,Paul Smith,user108@gmail.com,,,"['collecting', 'board_games', 'photography', 'volunteering']",Female,New York,uno,,False,,,Black,4,"['Outdoor', 'Creative']",['Romantic'],Education,167
108,Jordan Kavuri,user109@gmail.com,,,"['cars_motorcycles', 'collecting', 'spirituality']",Female,Los Angeles,group,,False,,,Mixed,4,"['Water Sports', 'Mind-Body', 'Team Sports', 'Outdoor']",['Optimistic'],Creative,182
109,Jamie Johnson,user110@gmail.com,,,"['volunteering', 'entrepreneurship']",Female,San Diego,uno,,False,,,White,3,['Dance'],['Curious'],Student,189
110,Skylar Smith,user111@gmail.com,,,"['animals', 'movies_tv']",Male,Chicago,uno,,False,,,Asian,1,"['Water Sports', 'Dance', 'Outdoor']","['Loyal', 'Thoughtful']",Media,185
111,Curry Johnson,user112@gmail.com,,,"['crafts_diy', 'nature', 'comedy', 'animals']",Male,Phoenix,group,,False,,,Middle Eastern,4,['Individual Sports'],"['Funny', 'Loyal', 'Spontaneous']",Student,153
112,Taylor Johnson,user113@gmail.com,,,"['science', 'history', 'crafts_diy']",Non-Binary,Chicago,duo,,False,,,Other,3,"['Team Sports', 'Water Sports', 'Strength Training']","['Empathetic', 'Chill', 'Cautious']",Research,163
113,Plower Smith,user114@gmail.com,,,"['history', 'animals', 'photography', 'gaming']",Female,Los Angeles,duo,,False,,,Mixed,1,"['Water Sports', 'Mind-Body', 'Creative', 'Outdoor']","['Driven', 'Creative', 'Chill']",Environmental,193
114,Paul Davis,user115@gmail.com,,,"['science', 'cars_motorcycles', 'entrepreneurship', 'volunteering', 'photography']",Non-Binary,Chicago,duo,,False,,,Other,3,['Strength Training'],['Creative'],Client Relation/Support,165
115,Aiden Davis,user116@gmail.com,,,"['gaming', 'nature', 'board_games', 'comedy']",Female,San Francisco,duo,,False,,,Other,2,"['Dance', 'Mind-Body', 'Individual Sports', 'Water Sports']","['Chill', 'Funny']",Production,197
116,Morgan Patel,user117@gmail.com,,,"['gaming', 'photography', 'volunteering']",Female,San Diego,uno,,False,,,Other,2,"['Creative', 'Indoor Activites', 'Dance']","['Spontaneous', 'Optimistic', 'Loyal']",Maintenance,178
117,Avery Williams,user118@gmail.com,,,"['photography', 'science', 'gaming']",Non-Binary,Los Angeles,group,,False,,,Hispanic,1,['Dance'],"['Cautious', 'Funny']",Education,184
118,Stephen Temp,user119@gmail.com,,,"['crafts_diy', 'cars_motorcycles', 'movies_tv']",Male,New York,uno,,False,,,Hispanic,1,"['Indoor Activites', 'Strength Training', 'Team Sports']","['Playful', 'Romantic']",Student,198
119,Stephen Smith,user120@gmail.com,,,"['podcasts', 'history', 'volunteering']",Female,San Francisco,uno,,False,,,Other,5,['Outdoor'],['Organized'],Sales,178
120,Liangelo Smith,user121@gmail.com,,,"['languages', 'cars_motorcycles', 'writing']",Non-Binary,Phoenix,uno,,False,,,Middle Eastern,1,"['Video Games', 'Mind-Body']","['Romantic', 'Creative', 'Curious']",Student,187
121,George Temp,user122@gmail.com,,,"['photography', 'cars_motorcycles', 'gaming', 'writing', 'crafts_diy']",Non-Binary,San Francisco,group,,False,,,Black,2,"['Outdoor', 'Video Games', 'Water Sports']",['Driven'],Legal Work,172
122,Lonzo Patel,user123@gmail.com,,,"['politics', 'photography', 'comedy', 'gaming', 'collecting']",Female,Los Angeles,uno,,False,,,Black,2,"['Mind-Body', 'Creative', 'Strength Training', 'Water Sports']","['Playful', 'Cautious']",Legal Work,198
123,Riley Patel,user124@gmail.com,,,"['science', 'spirituality']",Non-Binary,Houston,uno,,False,,,Middle Eastern,1,"['Creative', 'Video Games', 'Water Sports']","['Optimistic', 'Driven', 'Playful']",Creative,179
124,Jordan Lota,user125@gmail.com,,,"['languages', 'movies_tv']",Male,San Diego,group,,False,,,Middle Eastern,3,"['Team Sports', 'Dance', 'Video Games', 'Strength Training']","['Organized', 'Independent', 'Funny']",Student,182
125,Skylar Williams,user126@gmail.com,,,"['photography', 'movies_tv', 'collecting', 'fashion']",Female,San Diego,uno,,False,,,Middle Eastern,3,"['Outdoor', 'Water Sports', 'Indoor Activites']","['Curious', 'Organized']",Retired,167
126,Aiden Temp,user127@gmail.com,,,"['nature', 'gaming', 'podcasts', 'entrepreneurship', 'fashion']",Male,Houston,group,,False,,,Hispanic,2,"['Strength Training', 'Outdoor', 'Creative']","['Adventurous', 'Analytical']",Technology,182
127,Lonzo Temp,user128@gmail.com,,,"['nature', 'movies_tv', 'volunteering', 'gaming', 'cars_motorcycles']",Male,Chicago,uno,,False,,,White,4,"['Video Games', 'Dance', 'Team Sports']","['Creative', 'Realistic']",Environmental,199
128,Morgan Patel,user129@gmail.com,,,"['history', 'writing', 'crafts_diy']",Male,Chicago,uno,,False,,,Asian,5,"['Team Sports', 'Mind-Body']","['Analytical', 'Loyal', 'Curious']",Student,196
129,Paul Miller,user130@gmail.com,,,"['politics', 'photography', 'science']",Female,Phoenix,uno,,False,,,Middle Eastern,2,"['Strength Training', 'Outdoor', 'Team Sports']","['Playful', 'Open-Minded']",Legal Work,151
130,Jordan Johnson,user131@gmail.com,,,"['crafts_diy', 'gaming', 'entrepreneurship']",Female,Austin,uno,,False,,,Mixed,4,"['Water Sports', 'Dance']",['Organized'],Retired,195
131,Ball Smith,user132@gmail.com,,,"['podcasts', 'animals', 'science']",Female,Chicago,uno,,False,,,Mixed,5,"['Individual Sports', 'Mind-Body', 'Creative', 'Water Sports']",['Cautious'],Student,176
132,Alex Patel,user133@gmail.com,,,"['movies_tv', 'fashion', 'podcasts']",Female,Houston,uno,,False,,,Black,1,"['Indoor Activites', 'Team Sports']","['Curious', 'Creative']",Student,196
133,Lonzo Temp,user134@gmail.com,,,"['crafts_diy', 'photography', 'science', 'fashion']",Female,Chicago,duo,,False,,,Mixed,2,['Dance'],"['Calm', 'Analytical']",Education,165
134,Curry Patel,user135@gmail.com,,,"['movies_tv', 'board_games', 'fashion']",Female,Phoenix,group,,False,,,White,5,['Mind-Body'],['Optimistic'],Student,190
135,Jamie Williams,user136@gmail.com,,,"['entrepreneurship', 'podcasts', 'science', 'politics', 'crafts_diy']",Female,San Francisco,uno,,False,,,Middle Eastern,5,"['Team Sports', 'Individual Sports', 'Indoor Activites']",['Independent'],Student,183
136,Skylar Gote,user137@gmail.com,,,"['crafts_diy', 'board_games', 'gaming', 'volunteering', 'politics']",Male,Phoenix,group,,False,,,Hispanic,4,"['Team Sports', 'Video Games']","['Driven', 'Realistic', 'Optimistic']",Student,160
137,Taylor Williams,user138@gmail.com,,,"['photography', 'gaming', 'languages', 'nature', 'volunteering']",Male,San Francisco,group,,False,,,Hispanic,4,"['Indoor Activites', 'Mind-Body', 'Strength Training']",['Cautious'],Environmental,192
138,Stephen Miller,user139@gmail.com,,,"['comedy', 'volunteering', 'languages', 'gaming', 'movies_tv']",Female,Los Angeles,uno,,False,,,Other,2,"['Outdoor', 'Creative']","['Empathetic', 'Cautious']",Student,159
139,Liangelo Jones,user140@gmail.com,,,"['animals', 'movies_tv']",Female,Chicago,group,,False,,,Hispanic,3,"['Dance', 'Team Sports']","['Adventurous', 'Empathetic', 'Loyal']",Student,200
140,Curry Patel,user141@gmail.com,,,"['politics', 'writing', 'movies_tv']",Male,Phoenix,uno,,False,,,Black,4,['Creative'],"['Optimistic', 'Creative']",Office/Admin,169
141,Lonzo Miller,user142@gmail.com,,,"['photography', 'gaming', 'cars_motorcycles', 'crafts_diy', 'languages']",Female,Los Angeles,uno,,False,,,Other,5,"['Dance', 'Strength Training', 'Creative', 'Water Sports']","['Open-Minded', 'Analytical', 'Independent']",Retired,195
142,Morgan Johnson,user143@gmail.com,,,"['comedy', 'writing', 'fashion', 'cars_motorcycles', 'gaming']",Male,Los Angeles,uno,,False,,,Black,2,['Team Sports'],"['Driven', 'Spontaneous']",Student,179
143,Casey Smith,user144@gmail.com,,,"['history', 'podcasts', 'science']",Female,Chicago,duo,,False,,,Asian,3,['Team Sports'],['Realistic'],Technology,157
144,Liangelo Lota,user145@gmail.com,,,"['crafts_diy', 'science', 'spirituality', 'photography']",Male,Houston,uno,,False,,,White,3,"['Individual Sports', 'Team Sports']",['Optimistic'],Production,185
145,Liangelo Patel,user146@gmail.com,,,"['writing', 'fashion', 'comedy']",Male,Phoenix,uno,,False,,,Black,3,"['Indoor Activites', 'Team Sports']","['Calm', 'Thoughtful', 'Loyal']",Retired,194
146,Plower Patel,user147@gmail.com,,,"['fashion', 'gaming', 'podcasts']",Female,Chicago,group,,False,,,Hispanic,4,['Team Sports'],"['Calm', 'Creative', 'Optimistic']",Client Relation/Support,194
147,Plower Johnson,user148@gmail.com,,,"['fashion', 'cars_motorcycles', 'comedy', 'photography']",Female,Austin,uno,,False,,,Hispanic,2,"['Dance', 'Indoor Activites']","['Realistic', 'Driven', 'Curious']",Student,183
148,Lamelo Miller,user149@gmail.com,,,"['crafts_diy', 'comedy']",Female,Houston,uno,,False,,,Hispanic,1,"['Strength Training', 'Individual Sports', 'Mind-Body', 'Water Sports']","['Realistic', 'Chill', 'Playful']",Maintenance,160
149,Taylor Brown,user150@gmail.com,,,"['animals', 'fashion', 'science', 'gaming', 'politics']",Non-Binary,Austin,duo,,False,,,Other,3,"['Individual Sports', 'Outdoor', 'Strength Training', 'Creative']","['Analytical', 'Loyal']",Client Relation/Support,162
150,Matthew Gote,user151@gmail.com,,,"['writing', 'collecting', 'volunteering', 'gaming']",Male,Houston,duo,,False,,,Asian,5,"['Outdoor', 'Video Games']","['Chill', 'Loyal', 'Empathetic']",Media,185
151,Aiden Kavuri,user152@gmail.com,,,"['gaming', 'entrepreneurship', 'science', 'writing']",Female,San Diego,duo,,False,,,Black,1,"['Video Games', 'Individual Sports', 'Water Sports', 'Dance']",['Creative'],Creative,171
152,Riley Temp,user153@gmail.com,,,"['board_games', 'gaming', 'history']",Female,Los Angeles,uno,,False,,,Hispanic,5,"['Mind-Body', 'Dance', 'Team Sports', 'Video Games']","['Loyal', 'Playful', 'Spontaneous']",Environmental,159
153,Jamie Wilson,user154@gmail.com,,,"['comedy', 'cars_motorcycles', 'crafts_diy', 'fashion', 'photography']",Male,Houston,duo,,False,,,White,4,"['Water Sports', 'Video Games']","['Loyal', 'Calm', 'Driven']",Sales,180
154,Avery Johnson,user155@gmail.com,,,"['volunteering', 'animals', 'movies_tv', 'entrepreneurship']",Female,Austin,uno,,False,,,White,3,"['Indoor Activites', 'Creative']","['Optimistic', 'Open-Minded', 'Spontaneous']",Student,166
155,Ball Johnson,user156@gmail.com,,,"['animals', 'comedy', 'cars_motorcycles', 'gaming']",Female,New York,uno,,False,,,Mixed,3,"['Strength Training', 'Video Games']","['Loyal', 'Funny', 'Creative']",Creative,156
156,Ball Kavuri,user157@gmail.com,,,"['politics', 'movies_tv', 'spirituality', 'science', 'animals']",Male,Chicago,uno,,False,,,Hispanic,3,"['Video Games', 'Individual Sports', 'Dance']",['Optimistic'],Production,152
157,Riley Brown,user158@gmail.com,,,"['nature', 'collecting', 'board_games', 'science', 'languages']",Non-Binary,Chicago,uno,,False,,,Middle Eastern,4,"['Video Games', 'Creative']","['Romantic', 'Realistic', 'Analytical']",Maintenance,198
158,Aiden Lota,user159@gmail.com,,,"['languages', 'collecting', 'politics', 'cars_motorcycles', 'history']",Non-Binary,Phoenix,uno,,False,,,Hispanic,3,['Water Sports'],['Empathetic'],Retired,180
159,Curry Brown,user160@gmail.com,,,"['nature', 'fashion']",Male,Austin,duo,,False,,,Middle Eastern,4,"['Individual Sports', 'Water Sports', 'Strength Training']","['Driven', 'Spontaneous']",Retired,155
160,Jordan Temp,user161@gmail.com,,,"['gaming', 'crafts_diy', 'science', 'podcasts', 'nature']",Male,San Francisco,uno,,False,,,Middle Eastern,5,"['Creative', 'Indoor Activites', 'Mind-Body', 'Water Sports']",['Optimistic'],Student,173
161,Liangelo Jones,user162@gmail.com,,,"['languages', 'animals']",Female,Los Angeles,uno,,False,,,White,3,"['Video Games', 'Indoor Activites']","['Adventurous', 'Cautious']",Technology,176
162,Alex Smith,user163@gmail.com,,,"['fashion', 'board_games', 'volunteering', 'comedy', 'collecting']",Male,San Francisco,uno,,False,,,Other,4,"['Outdoor', 'Strength Training', 'Individual Sports']","['Thoughtful', 'Creative', 'Realistic']",Student,181
163,Liangelo Smith,user164@gmail.com,,,"['politics', 'board_games', 'photography']",Male,Phoenix,duo,,False,,,White,1,"['Indoor Activites', 'Strength Training']","['Driven', 'Independent']",Student,183
164,Liangelo Brown,user165@gmail.com,,,"['politics', 'history', 'spirituality', 'volunteering', 'languages']",Male,Chicago,duo,,False,,,Asian,5,"['Team Sports', 'Strength Training', 'Indoor Activites', 'Dance']",['Realistic'],Student,171
165,Jordan Temp,user166@gmail.com,,,"['movies_tv', 'animals']",Non-Binary,Chicago,uno,,False,,,Other,2,"['Mind-Body', 'Indoor Activites', 'Individual Sports']","['Independent', 'Loyal', 'Calm']",Media,168
166,Paul Johnson,user167@gmail.com,,,"['science', 'nature', 'politics', 'board_games']",Female,New York,group,,False,,,Black,5,"['Indoor Activites', 'Video Games', 'Outdoor']",['Realistic'],Student,192
167,Lamelo Johnson,user168@gmail.com,,,"['fashion', 'gaming', 'science', 'languages', 'history']",Male,Los Angeles,duo,,False,,,Other,3,"['Outdoor', 'Team Sports', 'Dance', 'Video Games']",['Optimistic'],Office/Admin,174
168,Jamie Patel,user169@gmail.com,,,"['volunteering', 'nature', 'cars_motorcycles', 'movies_tv', 'fashion']",Female,New York,uno,,False,,,Black,2,"['Strength Training', 'Individual Sports', 'Mind-Body', 'Water Sports']","['Thoughtful', 'Creative', 'Curious']",Media,153
169,Casey Jones,user170@gmail.com,,,"['nature', 'science']",Female,Phoenix,uno,,False,,,Asian,3,"['Water Sports', 'Indoor Activites']","['Spontaneous', 'Analytical']",Student,154
170,Lonzo Patel,user171@gmail.com,,,"['collecting', 'animals', 'history']",Male,San Francisco,uno,,False,,,Middle Eastern,5,['Individual Sports'],"['Driven', 'Cautious']",Media,167
171,Morgan Williams,user172@gmail.com,,,"['crafts_diy', 'volunteering', 'fashion', 'animals', 'podcasts']",Female,New York,uno,,False,,,Mixed,1,"['Strength Training', 'Mind-Body']","['Romantic', 'Cautious']",Client Relation/Support,163
172,Plower Williams,user173@gmail.com,,,"['comedy', 'volunteering', 'movies_tv', 'entrepreneurship', 'collecting']",Non-Binary,Chicago,uno,,False,,,White,4,['Strength Training'],"['Realistic', 'Calm']",Office/Admin,153
173,Plower Patel,user174@gmail.com,,,"['gaming', 'board_games', 'cars_motorcycles', 'crafts_diy']",Male,San Diego,uno,,False,,,Hispanic,2,['Strength Training'],"['Spontaneous', 'Adventurous', 'Organized']",Production,197
174,Jamie Miller,user175@gmail.com,,,"['science', 'history', 'crafts_diy']",Male,San Diego,group,,False,,,White,2,"['Water Sports', 'Dance', 'Mind-Body', 'Outdoor']","['Creative', 'Empathetic', 'Analytical']",Healthcare,181
175,Taylor Patel,user176@gmail.com,,,"['spirituality', 'nature']",Non-Binary,San Diego,uno,,False,,,Asian,4,"['Water Sports', 'Team Sports', 'Creative']","['Loyal', 'Open-Minded', 'Independent']",Student,165
176,Avery Davis,user177@gmail.com,,,"['photography', 'politics', 'entrepreneurship']",Female,San Diego,group,,False,,,White,3,"['Video Games', 'Strength Training']","['Empathetic', 'Open-Minded']",Student,156
177,Riley Patel,user178@gmail.com,,,"['fashion', 'photography', 'collecting']",Female,New York,duo,,False,,,White,3,['Dance'],"['Loyal', 'Calm', 'Realistic']",Student,161
178,Matthew Johnson,user179@gmail.com,,,"['history', 'photography', 'politics', 'volunteering']",Male,New York,group,,False,,,Black,2,"['Strength Training', 'Dance']",['Calm'],Student,177
179,Lonzo Johnson,user180@gmail.com,,,"['movies_tv', 'podcasts', 'languages', 'science']",Male,San Francisco,uno,,False,,,Mixed,2,"['Water Sports', 'Video Games']","['Driven', 'Independent', 'Calm']",Client Relation/Support,177
180,Plower Miller,user181@gmail.com,,,"['writing', 'podcasts', 'cars_motorcycles', 'fashion']",Non-Binary,Houston,group,,False,,,Mixed,2,"['Mind-Body', 'Indoor Activites', 'Video Games']","['Thoughtful', 'Spontaneous']",Production,152
181,Alex Kavuri,user182@gmail.com,,,"['science', 'spirituality', 'photography', 'collecting']",Male,San Diego,uno,,False,,,Other,5,"['Individual Sports', 'Strength Training', 'Video Games']","['Creative', 'Curious', 'Organized']",Student,164
182,Taylor Wilson,user183@gmail.com,,,"['podcasts', 'cars_motorcycles', 'comedy', 'science']",Male,Los Angeles,uno,,False,,,Hispanic,1,['Indoor Activites'],"['Realistic', 'Open-Minded', 'Calm']",Student,196
183,Plower Lota,user184@gmail.com,,,"['fashion', 'politics', 'writing']",Female,San Francisco,duo,,False,,,Hispanic,2,"['Outdoor', 'Mind-Body', 'Video Games', 'Dance']",['Adventurous'],Student,195
184,Stephen Patel,user185@gmail.com,,,"['science', 'collecting', 'politics', 'volunteering', 'movies_tv']",Non-Binary,Phoenix,uno,,False,,,Other,5,"['Individual Sports', 'Mind-Body', 'Creative', 'Indoor Activites']","['Spontaneous', 'Optimistic']",Student,175
185,Paul Wilson,user186@gmail.com,,,"['crafts_diy', 'gaming', 'podcasts', 'volunteering', 'movies_tv']",Male,Houston,uno,,False,,,Other,5,"['Water Sports', 'Indoor Activites']",['Thoughtful'],Office/Admin,186
186,Paul Smith,user187@gmail.com,,,"['history', 'animals']",Non-Binary,Austin,uno,,False,,,Black,2,['Outdoor'],"['Cautious', 'Calm']",Student,156
187,Taylor Gote,user188@gmail.com,,,"['writing', 'gaming', 'nature', 'animals', 'volunteering']",Male,Chicago,duo,,False,,,Middle Eastern,4,['Indoor Activites'],['Analytical'],Client Relation/Support,164
188,Lamelo Temp,user189@gmail.com,,,"['board_games', 'crafts_diy', 'writing', 'collecting', 'animals']",Female,Los Angeles,group,,False,,,Middle Eastern,4,"['Water Sports', 'Indoor Activites']",['Romantic'],Retired,194
189,Reese Lota,user190@gmail.com,,,"['politics', 'writing']",Non-Binary,San Diego,uno,,False,,,Black,3,"['Dance', 'Individual Sports', 'Water Sports']","['Empathetic', 'Funny']",Technology,199
190,Morgan Gote,user191@gmail.com,,,"['collecting', 'languages', 'history', 'podcasts']",Non-Binary,Houston,duo,,False,,,White,5,['Individual Sports'],"['Calm', 'Adventurous']",Education,163
191,Casey Miller,user192@gmail.com,,,"['movies_tv', 'comedy']",Male,San Francisco,uno,,False,,,Hispanic,4,"['Strength Training', 'Water Sports', 'Individual Sports']","['Adventurous', 'Optimistic']",HR,168
192,LeBron Wilson,user193@gmail.com,,,"['science', 'podcasts', 'spirituality', 'cars_motorcycles', 'volunteering']",Male,Austin,uno,,False,,,Black,2,['Creative'],"['Loyal', 'Creative', 'Driven']",Client Relation/Support,158
193,Lamelo Temp,user194@gmail.com,,,"['movies_tv', 'politics', 'entrepreneurship', 'podcasts', 'fashion']",Female,Phoenix,uno,,False,,,Middle Eastern,5,"['Creative', 'Mind-Body', 'Team Sports', 'Video Games']","['Cautious', 'Funny', 'Realistic']",Student,161
194,George Miller,user195@gmail.com,,,"['gaming', 'science', 'podcasts']",Female,Los Angeles,group,,False,,,Asian,5,"['Water Sports', 'Outdoor', 'Team Sports']",['Playful'],Creative,182
195,Lonzo Patel,user196@gmail.com,,,"['nature', 'entrepreneurship', 'gaming', 'cars_motorcycles', 'animals']",Male,Los Angeles,uno,,False,,,Asian,3,"['Indoor Activites', 'Creative', 'Video Games', 'Individual Sports']","['Adventurous', 'Romantic']",Legal Work,186
196,George Smith,user197@gmail.com,,,"['spirituality', 'animals', 'languages', 'fashion', 'politics']",Non-Binary,San Francisco,uno,,False,,,White,4,"['Dance', 'Indoor Activites', 'Mind-Body', 'Strength Training']","['Chill', 'Optimistic']",Student,165
197,Curry Gote,user198@gmail.com,,,"['volunteering', 'entrepreneurship', 'comedy', 'cars_motorcycles']",Female,Chicago,duo,,False,,,Middle Eastern,1,['Video Games'],"['Calm', 'Cautious']",Student,182
198,Curry Patel,user199@gmail.com,,,"['languages', 'science', 'movies_tv', 'animals', 'volunteering']",Male,San Francisco,uno,,False,,,Middle Eastern,3,['Dance'],['Realistic'],Student,156
199,Ball Kavuri,user200@gmail.com,,,"['languages', 'animals', 'volunteering', 'podcasts', 'comedy']",Non-Binary,San Francisco,duo,,False,,,Middle Eastern,3,"['Team Sports', 'Mind-Body', 'Creative', 'Dance']","['Curious', 'Playful']",Research,199
200,Paul Gote,user201@gmail.com,,,"['languages', 'politics', 'podcasts', 'history']",Male,Austin,group,,False,,,Black,5,"['Indoor Activites', 'Strength Training']","['Curious', 'Chill', 'Adventurous']",Retired,153
201,Matthew Temp,user202@gmail.com,,,"['crafts_diy', 'history', 'writing']",Non-Binary,New York,uno,,False,,,Mixed,1,"['Strength Training', 'Indoor Activites', 'Individual Sports']","['Adventurous', 'Realistic']",Student,161
202,Morgan Kavuri,user203@gmail.com,,,"['cars_motorcycles', 'politics', 'entrepreneurship', 'volunteering']",Male,Los Angeles,group,,False,,,Other,5,"['Video Games', 'Team Sports', 'Indoor Activites']","['Adventurous', 'Organized', 'Cautious']",Environmental,175
203,George Johnson,user204@gmail.com,,,"['board_games', 'writing', 'movies_tv']",Female,Chicago,uno,,False,,,Mixed,2,"['Water Sports', 'Team Sports', 'Mind-Body', 'Dance']",['Loyal'],Maintenance,151
204,George Davis,user205@gmail.com,,,"['languages', 'board_games', 'collecting', 'history']",Male,Houston,duo,,False,,,Hispanic,4,"['Individual Sports', 'Mind-Body', 'Team Sports']","['Driven', 'Adventurous']",Client Relation/Support,169
205,Curry Johnson,user206@gmail.com,,,"['nature', 'science']",Non-Binary,San Diego,duo,,False,,,Other,2,"['Team Sports', 'Individual Sports', 'Indoor Activites', 'Creative']",['Chill'],Retired,186
206,Curry Johnson,user207@gmail.com,,,"['languages', 'cars_motorcycles', 'nature']",Female,Chicago,duo,,False,,,Black,1,"['Creative', 'Dance', 'Mind-Body', 'Indoor Activites']",['Realistic'],Media,152
207,Riley Johnson,user208@gmail.com,,,"['science', 'spirituality', 'podcasts', 'politics']",Female,San Diego,duo,,False,,,Asian,1,['Indoor Activites'],['Empathetic'],Student,194
208,Matthew Brown,user209@gmail.com,,,"['spirituality', 'board_games', 'gaming', 'cars_motorcycles']",Female,Phoenix,uno,,False,,,Black,5,"['Outdoor', 'Strength Training', 'Individual Sports', 'Dance']","['Chill', 'Spontaneous']",Student,181
209,Riley Gote,user210@gmail.com,,,"['spirituality', 'comedy', 'volunteering', 'politics', 'languages']",Female,Chicago,duo,,False,,,Hispanic,3,['Outdoor'],['Independent'],Retired,152
210,Ball Lota,user211@gmail.com,,,"['crafts_diy', 'science', 'entrepreneurship', 'politics', 'fashion']",Male,Houston,uno,,False,,,Middle Eastern,1,"['Video Games', 'Team Sports']","['Open-Minded', 'Organized', 'Chill']",Technology,195
211,Jordan Gote,user212@gmail.com,,,"['volunteering', 'podcasts', 'photography', 'animals']",Male,Austin,uno,,False,,,Other,3,"['Water Sports', 'Outdoor', 'Individual Sports']","['Analytical', 'Realistic']",HR,193
212,Curry Brown,user213@gmail.com,,,"['politics', 'animals', 'writing']",Female,San Francisco,uno,,False,,,Middle Eastern,4,"['Mind-Body', 'Individual Sports', 'Indoor Activites']","['Chill', 'Optimistic']",Education,190
213,Curry Miller,user214@gmail.com,,,"['gaming', 'history', 'writing', 'volunteering', 'languages']",Non-Binary,Chicago,group,,False,,,Asian,2,"['Water Sports', 'Video Games']","['Independent', 'Optimistic', 'Curious']",Maintenance,166
214,Aiden Patel,user215@gmail.com,,,"['animals', 'languages', 'movies_tv']",Male,Austin,uno,,False,,,Middle Eastern,3,"['Strength Training', 'Team Sports', 'Mind-Body', 'Individual Sports']",['Playful'],Production,156
215,Lamelo Temp,user216@gmail.com,,,"['spirituality', 'entrepreneurship', 'movies_tv', 'board_games']",Male,Phoenix,uno,,False,,,White,4,"['Individual Sports', 'Team Sports', 'Video Games', 'Creative']","['Open-Minded', 'Optimistic']",Student,189
216,Skylar Jones,user217@gmail.com,,,"['history', 'podcasts']",Male,San Diego,duo,,False,,,Black,3,"['Strength Training', 'Creative', 'Team Sports']","['Creative', 'Optimistic', 'Spontaneous']",Research,153
217,LeBron Lota,user218@gmail.com,,,"['writing', 'gaming', 'animals', 'entrepreneurship']",Male,New York,uno,,False,,,Mixed,2,"['Team Sports', 'Creative']","['Independent', 'Driven', 'Adventurous']",Education,166
218,Jamie Gote,user219@gmail.com,,,"['fashion', 'entrepreneurship', 'science', 'movies_tv', 'history']",Male,Los Angeles,group,,False,,,Black,5,"['Creative', 'Water Sports', 'Individual Sports']","['Adventurous', 'Empathetic']",Technology,157
219,Alex Lota,user220@gmail.com,,,"['comedy', 'science', 'animals']",Male,Houston,uno,,False,,,White,4,"['Video Games', 'Team Sports', 'Strength Training', 'Outdoor']",['Romantic'],Maintenance,172
220,Lonzo Brown,user221@gmail.com,,,"['spirituality', 'volunteering', 'board_games', 'photography', 'politics']",Female,New York,duo,,False,,,Mixed,3,"['Indoor Activites', 'Video Games']","['Optimistic', 'Organized', 'Analytical']",Student,158
221,Matthew Smith,user222@gmail.com,,,"['cars_motorcycles', 'gaming', 'comedy', 'nature']",Male,Phoenix,duo,,False,,,Other,5,"['Individual Sports', 'Outdoor', 'Mind-Body']","['Calm', 'Romantic', 'Driven']",Environmental,192
222,Morgan Brown,user223@gmail.com,,,"['podcasts', 'photography']",Female,San Francisco,uno,,False,,,Other,5,"['Outdoor', 'Team Sports', 'Strength Training']","['Optimistic', 'Analytical', 'Driven']",Legal Work,161
223,Aiden Kavuri,user224@gmail.com,,,"['cars_motorcycles', 'politics', 'gaming', 'collecting', 'history']",Female,Austin,duo,,False,,,Asian,2,"['Team Sports', 'Outdoor', 'Creative']","['Calm', 'Curious']",Retired,164
224,Morgan Smith,user225@gmail.com,,,"['nature', 'writing', 'volunteering', 'cars_motorcycles', 'collecting']",Male,San Francisco,group,,False,,,Asian,2,"['Water Sports', 'Mind-Body', 'Outdoor', 'Indoor Activites']","['Open-Minded', 'Curious', 'Realistic']",Client Relation/Support,169
225,Jordan Johnson,user226@gmail.com,,,"['gaming', 'cars_motorcycles', 'animals', 'collecting', 'board_games']",Male,New York,uno,,False,,,Hispanic,1,['Outdoor'],['Creative'],Student,169
226,Jordan Brown,user227@gmail.com,,,"['board_games', 'podcasts', 'politics', 'history', 'fashion']",Female,San Diego,duo,,False,,,Asian,2,"['Team Sports', 'Dance', 'Indoor Activites', 'Outdoor']","['Driven', 'Creative', 'Realistic']",Client Relation/Support,163
227,Liangelo Davis,user228@gmail.com,,,"['gaming', 'movies_tv', 'collecting', 'cars_motorcycles', 'volunteering']",Non-Binary,Los Angeles,uno,,False,,,White,5,"['Outdoor', 'Individual Sports']","['Realistic', 'Creative', 'Curious']",Client Relation/Support,163
228,Taylor Davis,user229@gmail.com,,,"['podcasts', 'spirituality', 'nature', 'movies_tv']",Male,New York,uno,,False,,,Black,4,"['Individual Sports', 'Team Sports', 'Indoor Activites']","['Empathetic', 'Creative', 'Romantic']",Student,197
229,Skylar Kavuri,user230@gmail.com,,,"['volunteering', 'writing', 'politics', 'movies_tv']",Male,Houston,uno,,False,,,Asian,1,"['Outdoor', 'Indoor Activites', 'Individual Sports']","['Thoughtful', 'Spontaneous', 'Empathetic']",Office/Admin,175
230,George Jones,user231@gmail.com,,,"['volunteering', 'languages', 'comedy', 'politics']",Female,Los Angeles,uno,,False,,,White,5,"['Dance', 'Creative']",['Realistic'],Maintenance,182
231,Jamie Lota,user232@gmail.com,,,"['comedy', 'fashion', 'crafts_diy', 'entrepreneurship', 'collecting']",Non-Binary,San Francisco,duo,,False,,,Mixed,2,"['Creative', 'Strength Training', 'Outdoor', 'Individual Sports']","['Organized', 'Thoughtful', 'Optimistic']",Maintenance,195
232,Ball Brown,user233@gmail.com,,,"['cars_motorcycles', 'board_games', 'writing', 'science']",Female,Chicago,uno,,False,,,Black,1,"['Outdoor', 'Dance', 'Strength Training']","['Playful', 'Optimistic', 'Funny']",Retired,172
233,Plower Wilson,user234@gmail.com,,,"['writing', 'comedy', 'board_games', 'science']",Male,Phoenix,duo,,False,,,Black,4,"['Individual Sports', 'Strength Training', 'Outdoor', 'Team Sports']","['Organized', 'Chill']",Student,176
234,Avery Wilson,user235@gmail.com,,,"['nature', 'history', 'movies_tv']",Male,Chicago,uno,,False,,,Mixed,5,"['Team Sports', 'Video Games']",['Creative'],Student,194
235,Stephen Brown,user236@gmail.com,,,"['gaming', 'collecting', 'science', 'politics', 'podcasts']",Male,Austin,group,,False,,,Other,3,['Video Games'],"['Chill', 'Calm']",Student,164
236,Riley Johnson,user237@gmail.com,,,"['science', 'gaming', 'photography', 'animals', 'cars_motorcycles']",Male,San Diego,uno,,False,,,Asian,4,"['Team Sports', 'Video Games', 'Individual Sports']","['Loyal', 'Adventurous', 'Thoughtful']",Student,184
237,Ball Kavuri,user238@gmail.com,,,"['fashion', 'board_games', 'nature']",Male,New York,duo,,False,,,Asian,1,"['Video Games', 'Water Sports']","['Loyal', 'Spontaneous']",Maintenance,160
238,Reese Wilson,user239@gmail.com,,,"['entrepreneurship', 'podcasts', 'collecting', 'writing', 'movies_tv']",Female,Chicago,uno,,False,,,Black,5,"['Indoor Activites', 'Strength Training']",['Adventurous'],Student,182
239,Ball Miller,user240@gmail.com,,,"['crafts_diy', 'gaming', 'politics', 'podcasts', 'cars_motorcycles']",Non-Binary,Austin,uno,,False,,,Asian,3,"['Individual Sports', 'Team Sports']",['Realistic'],Student,175
240,Lonzo Johnson,user241@gmail.com,,,"['spirituality', 'fashion', 'entrepreneurship']",Male,Los Angeles,uno,,False,,,Other,2,['Video Games'],"['Thoughtful', 'Calm', 'Loyal']",Student,163
241,Casey Lota,user242@gmail.com,,,"['fashion', 'history', 'gaming', 'nature', 'entrepreneurship']",Female,New York,duo,,False,,,Other,2,"['Outdoor', 'Strength Training', 'Team Sports']","['Analytical', 'Loyal', 'Playful']",Environmental,185
242,Stephen Smith,user243@gmail.com,,,"['science', 'volunteering', 'writing', 'nature', 'entrepreneurship']",Male,Chicago,uno,,False,,,Other,1,"['Individual Sports', 'Strength Training']","['Realistic', 'Loyal']",Office/Admin,157
243,Taylor Williams,user244@gmail.com,,,"['languages', 'nature', 'board_games', 'history', 'movies_tv']",Female,Phoenix,duo,,False,,,Middle Eastern,3,"['Team Sports', 'Creative']",['Analytical'],Student,183
244,Plower Jones,user245@gmail.com,,,"['fashion', 'politics', 'podcasts', 'science']",Non-Binary,San Francisco,duo,,False,,,Other,2,"['Video Games', 'Team Sports', 'Outdoor', 'Mind-Body']","['Optimistic', 'Romantic']",Retired,163
245,Alex Temp,user246@gmail.com,,,"['board_games', 'history', 'spirituality', 'entrepreneurship', 'volunteering']",Non-Binary,Los Angeles,group,,False,,,White,1,"['Water Sports', 'Strength Training']","['Loyal', 'Empathetic']",HR,182
246,Liangelo Brown,user247@gmail.com,,,"['board_games', 'gaming']",Male,New York,group,,False,,,White,3,"['Creative', 'Mind-Body']","['Open-Minded', 'Playful']",Sales,165
247,Plower Brown,user248@gmail.com,,,"['spirituality', 'animals', 'movies_tv']",Non-Binary,New York,uno,,False,,,Hispanic,1,['Video Games'],['Cautious'],Healthcare,186
248,Plower Lota,user249@gmail.com,,,"['entrepreneurship', 'volunteering']",Male,Los Angeles,uno,,False,,,Other,5,"['Indoor Activites', 'Strength Training', 'Creative', 'Mind-Body']","['Funny', 'Chill']",Student,198
249,Curry Jones,user250@gmail.com,,,"['entrepreneurship', 'politics', 'animals']",Male,Austin,group,,False,,,Hispanic,1,"['Dance', 'Outdoor', 'Water Sports', 'Indoor Activites']","['Independent', 'Optimistic', 'Romantic']",Office/Admin,167
250,Casey Kavuri,user251@gmail.com,,,"['collecting', 'languages', 'nature', 'spirituality']",Non-Binary,Phoenix,uno,,False,,,White,2,['Indoor Activites'],"['Loyal', 'Thoughtful']",Production,188
251,Skylar Williams,user252@gmail.com,,,"['entrepreneurship', 'collecting', 'fashion']",Female,Los Angeles,uno,,False,,,Asian,3,"['Creative', 'Dance', 'Individual Sports', 'Outdoor']","['Realistic', 'Empathetic', 'Curious']",Production,179
252,Alex Miller,user253@gmail.com,,,"['nature', 'cars_motorcycles', 'fashion']",Male,Houston,group,,False,,,Mixed,2,"['Outdoor', 'Mind-Body']",['Loyal'],Student,183
253,Avery Smith,user254@gmail.com,,,"['spirituality', 'writing', 'languages', 'movies_tv']",Non-Binary,San Francisco,uno,,False,,,White,2,['Indoor Activites'],"['Calm', 'Optimistic', 'Funny']",Student,194
254,LeBron Johnson,user255@gmail.com,,,"['podcasts', 'cars_motorcycles']",Male,Phoenix,duo,,False,,,White,1,"['Team Sports', 'Dance']","['Adventurous', 'Thoughtful', 'Optimistic']",Technology,168
255,Jordan Brown,user256@gmail.com,,,"['history', 'politics', 'volunteering', 'comedy', 'fashion']",Male,San Francisco,duo,,False,,,Mixed,3,"['Team Sports', 'Mind-Body']","['Empathetic', 'Calm', 'Open-Minded']",Creative,181
256,LeBron Brown,user257@gmail.com,,,"['cars_motorcycles', 'science']",Non-Binary,New York,group,,False,,,Asian,2,"['Outdoor', 'Creative', 'Strength Training', 'Video Games']","['Playful', 'Adventurous', 'Independent']",Student,191
257,Alex Patel,user258@gmail.com,,,"['science', 'politics', 'podcasts', 'photography', 'comedy']",Male,Los Angeles,uno,,False,,,Asian,1,['Strength Training'],"['Thoughtful', 'Loyal', 'Curious']",Media,199
258,Jordan Davis,user259@gmail.com,,,"['nature', 'writing', 'spirituality', 'languages', 'crafts_diy']",Male,Chicago,duo,,False,,,Other,4,"['Water Sports', 'Outdoor']",['Empathetic'],Student,192
259,Paul Patel,user260@gmail.com,,,"['fashion', 'spirituality', 'photography', 'comedy', 'collecting']",Male,San Francisco,uno,,False,,,Middle Eastern,1,['Strength Training'],['Empathetic'],Research,197
260,Lamelo Johnson,user261@gmail.com,,,"['board_games', 'nature', 'science', 'history', 'entrepreneurship']",Male,Los Angeles,duo,,False,,,White,1,"['Water Sports', 'Creative', 'Strength Training', 'Individual Sports']","['Cautious', 'Playful']",HR,150
261,Alex Smith,user262@gmail.com,,,"['writing', 'politics']",Male,Phoenix,duo,,False,,,Middle Eastern,1,"['Strength Training', 'Individual Sports']",['Chill'],Maintenance,175
262,Stephen Wilson,user263@gmail.com,,,"['volunteering', 'crafts_diy', 'collecting', 'politics', 'movies_tv']",Male,Los Angeles,group,,False,,,Asian,1,['Mind-Body'],['Realistic'],Environmental,153
263,Aiden Wilson,user264@gmail.com,,,"['animals', 'writing', 'history', 'gaming', 'movies_tv']",Male,Phoenix,group,,False,,,White,2,"['Video Games', 'Creative']","['Chill', 'Cautious', 'Independent']",Research,186
264,Riley Lota,user265@gmail.com,,,"['movies_tv', 'fashion', 'history', 'crafts_diy', 'writing']",Male,New York,duo,,False,,,White,3,"['Mind-Body', 'Outdoor']",['Independent'],Research,154
265,Paul Jones,user266@gmail.com,,,"['podcasts', 'writing', 'entrepreneurship', 'gaming']",Female,Austin,uno,,False,,,White,4,"['Creative', 'Video Games', 'Strength Training']","['Playful', 'Independent', 'Romantic']",Environmental,157
266,George Patel,user267@gmail.com,,,"['gaming', 'languages', 'history']",Female,New York,uno,,False,,,Asian,5,"['Team Sports', 'Dance', 'Individual Sports']",['Independent'],Media,172
267,Ball Temp,user268@gmail.com,,,"['animals', 'volunteering']",Male,San Francisco,group,,False,,,Middle Eastern,2,"['Team Sports', 'Dance', 'Strength Training']","['Playful', 'Loyal']",Student,172
268,Alex Temp,user269@gmail.com,,,"['politics', 'comedy', 'cars_motorcycles', 'gaming', 'history']",Non-Binary,San Francisco,uno,,False,,,Asian,3,"['Dance', 'Water Sports', 'Outdoor']","['Calm', 'Realistic', 'Thoughtful']",Student,193
269,Curry Davis,user270@gmail.com,,,"['politics', 'photography', 'history', 'gaming', 'spirituality']",Female,Chicago,uno,,False,,,White,1,"['Mind-Body', 'Water Sports']","['Adventurous', 'Realistic']",Technology,178
270,Liangelo Temp,user271@gmail.com,,,"['crafts_diy', 'movies_tv', 'board_games', 'fashion', 'nature']",Female,Chicago,duo,,False,,,Asian,4,"['Individual Sports', 'Indoor Activites', 'Video Games']","['Romantic', 'Organized']",Student,157
271,George Temp,user272@gmail.com,,,"['science', 'politics']",Female,San Diego,group,,False,,,Mixed,4,['Creative'],"['Playful', 'Funny', 'Cautious']",Retired,181
272,Ball Temp,user273@gmail.com,,,"['animals', 'nature', 'collecting', 'spirituality']",Male,Chicago,uno,,False,,,Middle Eastern,1,"['Strength Training', 'Video Games', 'Team Sports']","['Funny', 'Empathetic']",Student,180
273,Stephen Williams,user274@gmail.com,,,"['animals', 'photography', 'volunteering', 'science']",Female,San Francisco,uno,,False,,,Black,2,['Dance'],"['Open-Minded', 'Optimistic']",Student,178
274,Ball Gote,user275@gmail.com,,,"['science', 'collecting', 'volunteering', 'history']",Female,Austin,duo,,False,,,Mixed,1,['Dance'],"['Driven', 'Independent']",Maintenance,176
275,Riley Patel,user276@gmail.com,,,"['science', 'board_games', 'movies_tv', 'gaming', 'crafts_diy']",Female,San Diego,uno,,False,,,Mixed,3,"['Strength Training', 'Mind-Body', 'Outdoor', 'Video Games']",['Cautious'],Production,188
276,Alex Kavuri,user277@gmail.com,,,"['fashion', 'photography']",Male,Chicago,duo,,False,,,Mixed,1,"['Strength Training', 'Outdoor', 'Creative', 'Indoor Activites']",['Organized'],Office/Admin,197
277,Lamelo Kavuri,user278@gmail.com,,,"['history', 'nature', 'board_games', 'writing', 'science']",Male,San Diego,uno,,False,,,Asian,2,"['Creative', 'Water Sports']","['Curious', 'Romantic', 'Spontaneous']",Student,155
278,Taylor Gote,user279@gmail.com,,,"['politics', 'podcasts', 'languages', 'crafts_diy']",Male,Los Angeles,uno,,False,,,Hispanic,1,"['Indoor Activites', 'Dance', 'Video Games', 'Water Sports']","['Funny', 'Chill', 'Independent']",Student,179
279,Lonzo Brown,user280@gmail.com,,,"['gaming', 'podcasts', 'writing']",Male,Chicago,duo,,False,,,Hispanic,4,['Indoor Activites'],"['Thoughtful', 'Independent', 'Empathetic']",Sales,158
280,Jamie Lota,user281@gmail.com,,,"['history', 'fashion', 'entrepreneurship', 'board_games', 'writing']",Non-Binary,Austin,uno,,False,,,White,5,"['Creative', 'Individual Sports']",['Creative'],Client Relation/Support,199
281,Jordan Brown,user282@gmail.com,,,"['volunteering', 'spirituality']",Male,San Francisco,uno,,False,,,Middle Eastern,4,"['Video Games', 'Creative', 'Water Sports']",['Curious'],Sales,198
282,Reese Johnson,user283@gmail.com,,,"['science', 'movies_tv', 'podcasts', 'history']",Male,Houston,uno,,False,,,Asian,1,['Strength Training'],"['Empathetic', 'Cautious']",Maintenance,183
283,Lonzo Smith,user284@gmail.com,,,"['movies_tv', 'spirituality', 'comedy', 'politics']",Male,San Francisco,duo,,False,,,Middle Eastern,3,"['Dance', 'Outdoor']","['Curious', 'Analytical', 'Driven']",Production,163
284,Lonzo Jones,user285@gmail.com,,,"['nature', 'photography', 'volunteering', 'movies_tv']",Non-Binary,Phoenix,duo,,False,,,Asian,1,"['Indoor Activites', 'Dance', 'Individual Sports', 'Water Sports']",['Independent'],Office/Admin,168
285,Curry Patel,user286@gmail.com,,,"['spirituality', 'movies_tv']",Female,San Diego,group,,False,,,Mixed,4,"['Video Games', 'Dance', 'Team Sports']",['Analytical'],Maintenance,165
286,LeBron Brown,user287@gmail.com,,,"['politics', 'podcasts', 'entrepreneurship', 'comedy']",Female,Los Angeles,group,,False,,,White,4,['Video Games'],['Optimistic'],Retired,166
287,Jamie Temp,user288@gmail.com,,,"['fashion', 'languages', 'spirituality', 'entrepreneurship']",Female,Chicago,duo,,False,,,Asian,2,['Strength Training'],"['Chill', 'Calm', 'Funny']",Production,189
288,Morgan Smith,user289@gmail.com,,,"['languages', 'gaming', 'volunteering', 'animals']",Male,Phoenix,group,,False,,,Other,5,"['Individual Sports', 'Indoor Activites']",['Spontaneous'],Student,154
289,Matthew Lota,user290@gmail.com,,,"['podcasts', 'comedy', 'history', 'collecting', 'spirituality']",Female,Austin,uno,,False,,,Hispanic,1,['Mind-Body'],['Playful'],Student,164
290,Casey Williams,user291@gmail.com,,,"['gaming', 'fashion', 'collecting', 'cars_motorcycles', 'comedy']",Female,Chicago,group,,False,,,Asian,1,"['Creative', 'Outdoor', 'Video Games']",['Playful'],Legal Work,155
291,Matthew Kavuri,user292@gmail.com,,,"['gaming', 'photography', 'nature', 'fashion', 'history']",Female,New York,uno,,False,,,Other,2,"['Team Sports', 'Creative', 'Strength Training', 'Video Games']","['Independent', 'Analytical', 'Organized']",Education,169
292,Morgan Patel,user293@gmail.com,,,"['photography', 'writing', 'nature', 'comedy']",Non-Binary,Austin,uno,,False,,,Mixed,2,['Outdoor'],"['Cautious', 'Independent', 'Chill']",Creative,194
293,Stephen Johnson,user294@gmail.com,,,"['languages', 'nature', 'writing', 'collecting', 'crafts_diy']",Female,New York,duo,,False,,,Hispanic,3,"['Team Sports', 'Video Games', 'Outdoor']","['Romantic', 'Empathetic']",Student,181
294,Ball Wilson,user295@gmail.com,,,"['collecting', 'gaming', 'comedy', 'fashion', 'cars_motorcycles']",Non-Binary,Houston,uno,,False,,,Asian,1,"['Individual Sports', 'Water Sports', 'Strength Training', 'Team Sports']","['Optimistic', 'Romantic']",Sales,176
295,Riley Johnson,user296@gmail.com,,,"['entrepreneurship', 'movies_tv', 'collecting', 'science', 'nature']",Non-Binary,San Diego,uno,,False,,,Black,3,['Indoor Activites'],['Spontaneous'],Client Relation/Support,200
296,Riley Brown,user297@gmail.com,,,"['writing', 'crafts_diy', 'photography']",Female,San Diego,duo,,False,,,Hispanic,1,['Individual Sports'],"['Chill', 'Independent', 'Organized']",Research,192
297,Lamelo Wilson,user298@gmail.com,,,"['science', 'writing', 'volunteering']",Male,Chicago,duo,,False,,,White,2,['Water Sports'],"['Spontaneous', 'Playful', 'Chill']",Student,161
298,Jamie Jones,user299@gmail.com,,,"['politics', 'volunteering', 'movies_tv', 'entrepreneurship', 'animals']",Female,San Francisco,duo,,False,,,Other,2,['Water Sports'],"['Creative', 'Funny']",Sales,192
299,Morgan Davis,user300@gmail.com,,,"['writing', 'science', 'cars_motorcycles', 'spirituality', 'politics']",Female,Houston,duo,,False,,,Asian,5,"['Individual Sports', 'Strength Training', 'Team Sports', 'Creative']",['Adventurous'],Retired,166
300,LeBron Kavuri,user301@gmail.com,,,"['spirituality', 'writing', 'languages']",Female,Chicago,duo,,False,,,Other,3,"['Video Games', 'Strength Training']","['Romantic', 'Independent', 'Playful']",Student,189
301,Casey Davis,user302@gmail.com,,,"['fashion', 'science', 'history', 'gaming', 'languages']",Female,San Francisco,uno,,False,,,Black,4,"['Team Sports', 'Water Sports']",['Realistic'],Production,182
302,Jordan Brown,user303@gmail.com,,,"['comedy', 'fashion']",Male,Chicago,duo,,False,,,Asian,3,['Indoor Activites'],"['Thoughtful', 'Independent']",Client Relation/Support,192
303,Morgan Patel,user304@gmail.com,,,"['nature', 'spirituality', 'volunteering', 'entrepreneurship']",Non-Binary,New York,uno,,False,,,Middle Eastern,2,"['Creative', 'Outdoor', 'Dance']",['Funny'],Sales,198
304,Morgan Jones,user305@gmail.com,,,"['movies_tv', 'politics', 'collecting', 'photography', 'animals']",Non-Binary,Los Angeles,uno,,False,,,Other,5,['Strength Training'],['Cautious'],Legal Work,193
305,Aiden Davis,user306@gmail.com,,,"['politics', 'cars_motorcycles', 'crafts_diy']",Male,San Francisco,group,,False,,,White,3,"['Team Sports', 'Strength Training', 'Water Sports', 'Mind-Body']","['Realistic', 'Playful']",Production,178
306,Jamie Wilson,user307@gmail.com,,,"['languages', 'politics']",Male,San Diego,uno,,False,,,Black,1,"['Individual Sports', 'Mind-Body']","['Calm', 'Chill', 'Funny']",Student,189
307,Jordan Jones,user308@gmail.com,,,"['gaming', 'writing', 'history']",Non-Binary,Chicago,uno,,False,,,White,1,['Water Sports'],"['Chill', 'Optimistic']",Client Relation/Support,170
308,Ball Lota,user309@gmail.com,,,"['nature', 'entrepreneurship', 'volunteering', 'science']",Male,Phoenix,uno,,False,,,Other,1,"['Creative', 'Outdoor']","['Optimistic', 'Loyal', 'Calm']",Student,174
309,Paul Kavuri,user310@gmail.com,,,"['volunteering', 'comedy', 'history']",Male,Phoenix,uno,,False,,,Black,1,"['Indoor Activites', 'Individual Sports', 'Outdoor']","['Empathetic', 'Adventurous', 'Loyal']",Maintenance,182
310,Reese Temp,user311@gmail.com,,,"['animals', 'collecting', 'languages']",Non-Binary,Los Angeles,uno,,False,,,Middle Eastern,1,"['Outdoor', 'Team Sports', 'Dance']","['Cautious', 'Romantic']",Student,152
311,LeBron Johnson,user312@gmail.com,,,"['writing', 'board_games', 'comedy', 'gaming', 'photography']",Male,San Diego,group,,False,,,Mixed,5,"['Creative', 'Strength Training', 'Outdoor', 'Individual Sports']","['Spontaneous', 'Organized', 'Curious']",Student,167
312,Lamelo Brown,user313@gmail.com,,,"['spirituality', 'volunteering']",Male,Los Angeles,uno,,False,,,Middle Eastern,4,"['Team Sports', 'Individual Sports', 'Creative']","['Spontaneous', 'Driven']",Office/Admin,190
313,Riley Kavuri,user314@gmail.com,,,"['writing', 'nature', 'history', 'gaming', 'volunteering']",Male,Austin,uno,,False,,,Middle Eastern,4,['Mind-Body'],"['Driven', 'Analytical']",Environmental,197
314,Lonzo Temp,user315@gmail.com,,,"['writing', 'animals', 'gaming', 'photography']",Female,Los Angeles,group,,False,,,Other,4,['Water Sports'],"['Chill', 'Open-Minded', 'Driven']",Student,164
315,Liangelo Lota,user316@gmail.com,,,"['comedy', 'spirituality']",Non-Binary,San Diego,duo,,False,,,Middle Eastern,3,"['Indoor Activites', 'Individual Sports', 'Mind-Body', 'Dance']",['Open-Minded'],Student,198
316,Riley Brown,user317@gmail.com,,,"['nature', 'politics', 'collecting']",Non-Binary,San Francisco,group,,False,,,Other,3,"['Team Sports', 'Dance', 'Creative', 'Strength Training']",['Spontaneous'],Student,186
317,George Brown,user318@gmail.com,,,"['comedy', 'nature', 'science', 'animals', 'cars_motorcycles']",Female,Phoenix,uno,,False,,,White,1,"['Water Sports', 'Dance', 'Team Sports', 'Indoor Activites']",['Romantic'],Sales,167
318,Aiden Jones,user319@gmail.com,,,"['volunteering', 'spirituality', 'science']",Male,New York,uno,,False,,,Black,3,"['Individual Sports', 'Mind-Body', 'Strength Training', 'Water Sports']","['Spontaneous', 'Loyal']",Environmental,198
319,Curry Davis,user320@gmail.com,,,"['podcasts', 'writing', 'spirituality']",Female,Houston,duo,,False,,,Mixed,1,['Outdoor'],"['Curious', 'Playful']",Production,180
320,Alex Williams,user321@gmail.com,,,"['movies_tv', 'writing', 'politics']",Female,New York,uno,,False,,,Middle Eastern,3,"['Creative', 'Individual Sports', 'Video Games', 'Water Sports']","['Open-Minded', 'Independent']",Education,157
321,Paul Smith,user322@gmail.com,,,"['comedy', 'cars_motorcycles', 'podcasts', 'writing', 'entrepreneurship']",Female,Chicago,group,,False,,,Asian,2,"['Creative', 'Strength Training', 'Indoor Activites']","['Independent', 'Realistic', 'Playful']",Technology,159
322,Alex Temp,user323@gmail.com,,,"['spirituality', 'podcasts', 'cars_motorcycles']",Non-Binary,Phoenix,group,,False,,,Middle Eastern,1,"['Strength Training', 'Video Games', 'Creative', 'Individual Sports']","['Open-Minded', 'Realistic']",Production,169
323,Jamie Brown,user324@gmail.com,,,"['spirituality', 'nature', 'politics', 'science', 'history']",Male,Chicago,uno,,False,,,Black,3,['Outdoor'],"['Optimistic', 'Independent']",Research,198
324,Stephen Miller,user325@gmail.com,,,"['crafts_diy', 'collecting', 'entrepreneurship']",Female,Austin,duo,,False,,,Hispanic,5,"['Video Games', 'Dance', 'Outdoor']",['Organized'],Technology,150
325,Avery Johnson,user326@gmail.com,,,"['crafts_diy', 'science', 'nature']",Male,New York,duo,,False,,,Hispanic,5,['Creative'],"['Open-Minded', 'Romantic']",Sales,197
326,George Lota,user327@gmail.com,,,"['comedy', 'spirituality', 'writing', 'history']",Non-Binary,Houston,group,,False,,,Middle Eastern,1,"['Mind-Body', 'Outdoor', 'Creative']","['Open-Minded', 'Independent', 'Playful']",Technology,192
327,Curry Temp,user328@gmail.com,,,"['languages', 'comedy', 'board_games']",Male,Chicago,uno,,False,,,Other,3,"['Individual Sports', 'Mind-Body', 'Water Sports', 'Outdoor']","['Thoughtful', 'Realistic']",Student,172
328,Plower Kavuri,user329@gmail.com,,,"['fashion', 'politics', 'writing', 'gaming']",Non-Binary,San Diego,uno,,False,,,Mixed,5,['Water Sports'],"['Cautious', 'Calm', 'Thoughtful']",Education,164
329,Riley Brown,user330@gmail.com,,,"['crafts_diy', 'photography', 'history', 'board_games', 'podcasts']",Female,San Diego,duo,,False,,,Mixed,5,"['Strength Training', 'Individual Sports']","['Independent', 'Calm']",Environmental,156
330,LeBron Lota,user331@gmail.com,,,"['movies_tv', 'nature', 'podcasts', 'collecting', 'volunteering']",Male,Phoenix,uno,,False,,,Other,4,"['Water Sports', 'Outdoor']","['Chill', 'Calm']",Education,170
331,Casey Jones,user332@gmail.com,,,"['gaming', 'writing', 'photography']",Male,Houston,duo,,False,,,Mixed,4,"['Dance', 'Video Games']","['Independent', 'Cautious']",Environmental,161
332,Taylor Brown,user333@gmail.com,,,"['languages', 'movies_tv', 'science']",Female,San Francisco,uno,,False,,,White,1,['Water Sports'],['Thoughtful'],Sales,176
333,Paul Brown,user334@gmail.com,,,"['entrepreneurship', 'nature', 'crafts_diy', 'animals', 'podcasts']",Non-Binary,Chicago,duo,,False,,,White,5,"['Individual Sports', 'Creative', 'Indoor Activites']","['Loyal', 'Independent', 'Romantic']",Retired,195
334,Stephen Brown,user335@gmail.com,,,"['collecting', 'volunteering']",Male,San Diego,duo,,False,,,Asian,5,['Strength Training'],"['Analytical', 'Chill']",Education,198
335,Lonzo Brown,user336@gmail.com,,,"['photography', 'fashion', 'movies_tv', 'board_games', 'cars_motorcycles']",Male,New York,group,,False,,,Black,3,"['Video Games', 'Indoor Activites', 'Team Sports', 'Water Sports']",['Creative'],Legal Work,171
336,Curry Davis,user337@gmail.com,,,"['writing', 'comedy', 'nature', 'gaming']",Female,Los Angeles,uno,,False,,,Other,4,['Individual Sports'],"['Adventurous', 'Funny', 'Independent']",Student,198
337,Avery Smith,user338@gmail.com,,,"['movies_tv', 'animals', 'photography']",Female,Los Angeles,uno,,False,,,Black,3,"['Water Sports', 'Team Sports']","['Optimistic', 'Driven']",Client Relation/Support,179
338,Casey Kavuri,user339@gmail.com,,,"['entrepreneurship', 'crafts_diy', 'science', 'languages']",Female,Houston,uno,,False,,,Middle Eastern,4,"['Water Sports', 'Dance', 'Creative', 'Indoor Activites']","['Thoughtful', 'Optimistic']",Office/Admin,195
339,Skylar Williams,user340@gmail.com,,,"['photography', 'spirituality']",Male,San Francisco,uno,,False,,,Other,5,"['Water Sports', 'Strength Training', 'Outdoor']","['Chill', 'Analytical']",Sales,163
340,Liangelo Jones,user341@gmail.com,,,"['fashion', 'podcasts']",Male,Austin,uno,,False,,,Mixed,3,"['Creative', 'Team Sports', 'Dance']",['Adventurous'],Media,156
341,Ball Kavuri,user342@gmail.com,,,"['animals', 'volunteering']",Male,San Diego,uno,,False,,,Middle Eastern,2,"['Video Games', 'Outdoor']","['Loyal', 'Open-Minded']",Sales,195
342,Jamie Brown,user343@gmail.com,,,"['politics', 'gaming', 'science', 'crafts_diy', 'writing']",Non-Binary,Chicago,duo,,False,,,Hispanic,5,['Dance'],"['Funny', 'Chill', 'Organized']",Retired,184
343,Avery Patel,user344@gmail.com,,,"['nature', 'cars_motorcycles', 'animals']",Female,New York,uno,,False,,,Mixed,4,"['Team Sports', 'Dance', 'Strength Training', 'Mind-Body']",['Spontaneous'],Student,198
344,Stephen Johnson,user345@gmail.com,,,"['photography', 'entrepreneurship']",Female,Chicago,group,,False,,,Other,3,"['Indoor Activites', 'Creative']",['Romantic'],HR,175
345,Paul Kavuri,user346@gmail.com,,,"['animals', 'entrepreneurship']",Female,San Diego,uno,,False,,,White,5,['Indoor Activites'],"['Curious', 'Chill', 'Realistic']",Environmental,162
346,Jordan Wilson,user347@gmail.com,,,"['comedy', 'movies_tv', 'cars_motorcycles', 'photography']",Female,San Francisco,group,,False,,,Mixed,1,"['Team Sports', 'Dance', 'Video Games', 'Creative']",['Loyal'],Technology,155
347,Lonzo Temp,user348@gmail.com,,,"['spirituality', 'animals', 'movies_tv']",Male,Chicago,group,,False,,,Other,3,"['Dance', 'Individual Sports']","['Open-Minded', 'Spontaneous']",Maintenance,156
348,Lamelo Brown,user349@gmail.com,,,"['collecting', 'movies_tv', 'volunteering']",Non-Binary,Houston,uno,,False,,,Other,5,"['Creative', 'Indoor Activites', 'Team Sports']",['Empathetic'],Client Relation/Support,153
349,Skylar Johnson,user350@gmail.com,,,"['writing', 'nature', 'languages']",Female,Houston,uno,,False,,,Black,2,['Dance'],"['Spontaneous', 'Funny']",Student,178
350,Curry Jones,user351@gmail.com,,,"['history', 'politics', 'podcasts', 'gaming']",Non-Binary,San Diego,uno,,False,,,White,5,['Individual Sports'],"['Organized', 'Adventurous']",Student,189
351,Jordan Miller,user352@gmail.com,,,"['spirituality', 'crafts_diy']",Female,San Diego,group,,False,,,White,4,['Outdoor'],"['Organized', 'Chill']",HR,180
352,Skylar Smith,user353@gmail.com,,,"['gaming', 'podcasts', 'politics', 'crafts_diy']",Female,Phoenix,uno,,False,,,Middle Eastern,2,"['Video Games', 'Outdoor']","['Cautious', 'Romantic', 'Realistic']",Retired,178
353,Reese Temp,user354@gmail.com,,,"['animals', 'photography', 'writing']",Female,Austin,duo,,False,,,Black,5,"['Dance', 'Team Sports', 'Indoor Activites', 'Video Games']","['Romantic', 'Playful', 'Independent']",Student,161
354,Paul Williams,user355@gmail.com,,,"['politics', 'animals', 'gaming', 'collecting', 'writing']",Female,Los Angeles,uno,,False,,,Black,5,"['Creative', 'Individual Sports', 'Dance']","['Analytical', 'Playful', 'Spontaneous']",Research,171
355,Matthew Patel,user356@gmail.com,,,"['fashion', 'photography', 'movies_tv', 'science', 'politics']",Male,San Diego,uno,,False,,,Hispanic,2,"['Team Sports', 'Individual Sports']","['Adventurous', 'Chill', 'Optimistic']",Student,172
356,LeBron Gote,user357@gmail.com,,,"['gaming', 'writing', 'volunteering', 'animals', 'crafts_diy']",Female,San Francisco,uno,,False,,,Asian,1,"['Creative', 'Dance', 'Individual Sports']","['Playful', 'Loyal']",Student,177
357,Matthew Jones,user358@gmail.com,,,"['spirituality', 'fashion', 'collecting', 'cars_motorcycles', 'science']",Male,Los Angeles,duo,,False,,,White,4,"['Mind-Body', 'Individual Sports', 'Dance', 'Indoor Activites']","['Cautious', 'Empathetic']",Student,179
358,Curry Davis,user359@gmail.com,,,"['board_games', 'comedy']",Male,San Francisco,duo,,False,,,Asian,3,"['Dance', 'Strength Training', 'Creative', 'Outdoor']","['Cautious', 'Spontaneous', 'Funny']",Education,175
359,Morgan Wilson,user360@gmail.com,,,"['animals', 'collecting', 'science', 'entrepreneurship']",Non-Binary,Phoenix,group,,False,,,Hispanic,1,"['Team Sports', 'Strength Training']","['Chill', 'Thoughtful']",Student,164
360,Jamie Smith,user361@gmail.com,,,"['history', 'science', 'volunteering', 'politics', 'spirituality']",Non-Binary,Chicago,group,,False,,,Asian,1,"['Mind-Body', 'Dance', 'Creative']","['Optimistic', 'Loyal']",Media,181
361,Paul Patel,user362@gmail.com,,,"['comedy', 'politics']",Non-Binary,Houston,uno,,False,,,Mixed,3,"['Team Sports', 'Mind-Body', 'Individual Sports']","['Creative', 'Analytical', 'Optimistic']",Student,200
362,Jamie Williams,user363@gmail.com,,,"['movies_tv', 'crafts_diy', 'science', 'spirituality', 'collecting']",Female,Los Angeles,group,,False,,,Mixed,4,['Indoor Activites'],"['Open-Minded', 'Chill']",Student,181
363,Jordan Gote,user364@gmail.com,,,"['nature', 'fashion', 'gaming', 'comedy', 'politics']",Female,Chicago,group,,False,,,Mixed,2,"['Mind-Body', 'Creative']",['Empathetic'],Environmental,178
364,Aiden Jones,user365@gmail.com,,,"['animals', 'entrepreneurship', 'volunteering', 'fashion']",Male,Phoenix,uno,,False,,,Black,1,"['Indoor Activites', 'Individual Sports', 'Dance']","['Funny', 'Adventurous']",Student,182
365,Riley Brown,user366@gmail.com,,,"['science', 'photography']",Female,Austin,uno,,False,,,Asian,2,"['Video Games', 'Outdoor', 'Indoor Activites', 'Individual Sports']","['Thoughtful', 'Cautious', 'Spontaneous']",Student,155
366,Aiden Lota,user367@gmail.com,,,"['collecting', 'podcasts', 'writing', 'politics', 'spirituality']",Male,Los Angeles,group,,False,,,White,3,['Dance'],"['Realistic', 'Empathetic']",Technology,160
367,Skylar Wilson,user368@gmail.com,,,"['photography', 'comedy', 'nature', 'languages', 'politics']",Non-Binary,Austin,group,,False,,,White,5,"['Indoor Activites', 'Mind-Body', 'Outdoor']","['Thoughtful', 'Driven', 'Organized']",Research,191
368,Skylar Kavuri,user369@gmail.com,,,"['writing', 'politics', 'gaming']",Non-Binary,San Francisco,uno,,False,,,Mixed,3,"['Team Sports', 'Indoor Activites']","['Adventurous', 'Loyal']",Student,151
369,Curry Williams,user370@gmail.com,,,"['nature', 'photography', 'politics']",Non-Binary,Chicago,duo,,False,,,Other,1,"['Mind-Body', 'Video Games']",['Creative'],Student,197
370,Lamelo Johnson,user371@gmail.com,,,"['spirituality', 'podcasts']",Female,Chicago,group,,False,,,Middle Eastern,3,"['Team Sports', 'Individual Sports', 'Dance']","['Empathetic', 'Curious']",Legal Work,180
371,Alex Williams,user372@gmail.com,,,"['movies_tv', 'cars_motorcycles', 'board_games', 'animals', 'comedy']",Male,Phoenix,uno,,False,,,Other,1,"['Outdoor', 'Creative', 'Dance', 'Mind-Body']",['Calm'],Legal Work,173
372,Liangelo Williams,user373@gmail.com,,,"['fashion', 'writing', 'comedy', 'podcasts', 'collecting']",Male,Phoenix,uno,,False,,,Black,1,"['Video Games', 'Team Sports']","['Realistic', 'Organized']",Student,158
373,Lonzo Jones,user374@gmail.com,,,"['politics', 'gaming', 'crafts_diy']",Female,Chicago,uno,,False,,,Hispanic,1,"['Team Sports', 'Dance', 'Strength Training', 'Outdoor']","['Funny', 'Cautious']",Technology,165
374,LeBron Smith,user375@gmail.com,,,"['science', 'collecting', 'comedy', 'cars_motorcycles']",Female,San Diego,group,,False,,,Middle Eastern,3,"['Individual Sports', 'Water Sports']","['Organized', 'Independent', 'Empathetic']",Media,178
375,Alex Jones,user376@gmail.com,,,"['animals', 'languages']",Female,Los Angeles,uno,,False,,,Black,2,['Video Games'],"['Organized', 'Independent', 'Cautious']",Creative,186
376,Lonzo Kavuri,user377@gmail.com,,,"['entrepreneurship', 'gaming', 'nature', 'history']",Male,Chicago,uno,,False,,,Black,1,"['Individual Sports', 'Video Games', 'Outdoor', 'Water Sports']","['Optimistic', 'Creative', 'Realistic']",Student,173
377,Ball Brown,user378@gmail.com,,,"['volunteering', 'science', 'writing']",Male,Chicago,duo,,False,,,Middle Eastern,4,['Mind-Body'],"['Thoughtful', 'Adventurous', 'Chill']",Media,197
378,Curry Williams,user379@gmail.com,,,"['politics', 'animals']",Female,New York,duo,,False,,,Hispanic,5,"['Dance', 'Strength Training', 'Creative', 'Individual Sports']",['Playful'],Creative,162
379,Lamelo Jones,user380@gmail.com,,,"['cars_motorcycles', 'podcasts', 'entrepreneurship']",Male,San Diego,duo,,False,,,Asian,4,"['Outdoor', 'Creative']","['Calm', 'Optimistic', 'Creative']",Media,152
380,Taylor Smith,user381@gmail.com,,,"['history', 'fashion', 'collecting', 'animals', 'entrepreneurship']",Male,Houston,group,,False,,,Other,1,"['Outdoor', 'Strength Training']","['Driven', 'Cautious']",Student,190
381,Avery Kavuri,user382@gmail.com,,,"['nature', 'gaming']",Male,Los Angeles,uno,,False,,,Mixed,4,"['Dance', 'Outdoor', 'Individual Sports']","['Curious', 'Calm', 'Chill']",Student,151
382,Alex Jones,user383@gmail.com,,,"['movies_tv', 'gaming']",Female,Houston,group,,False,,,Mixed,4,"['Water Sports', 'Strength Training', 'Mind-Body', 'Outdoor']","['Funny', 'Loyal', 'Romantic']",Student,178
383,Lamelo Miller,user384@gmail.com,,,"['movies_tv', 'entrepreneurship', 'cars_motorcycles', 'volunteering', 'fashion']",Male,Houston,uno,,False,,,Other,4,"['Dance', 'Team Sports', 'Creative']",['Cautious'],Technology,176
384,Alex Patel,user385@gmail.com,,,"['collecting', 'cars_motorcycles', 'nature']",Female,San Diego,uno,,False,,,Other,5,"['Team Sports', 'Individual Sports', 'Water Sports', 'Creative']",['Independent'],HR,184
385,Liangelo Brown,user386@gmail.com,,,"['history', 'volunteering', 'photography', 'movies_tv', 'science']",Male,Chicago,duo,,False,,,Mixed,2,"['Creative', 'Indoor Activites']",['Creative'],Office/Admin,183
386,Jordan Johnson,user387@gmail.com,,,"['entrepreneurship', 'podcasts', 'animals']",Non-Binary,Los Angeles,duo,,False,,,White,3,"['Outdoor', 'Creative']",['Creative'],Retired,162
387,Jamie Brown,user388@gmail.com,,,"['fashion', 'science', 'photography']",Female,Austin,uno,,False,,,Black,3,"['Video Games', 'Team Sports', 'Dance', 'Water Sports']","['Romantic', 'Loyal', 'Realistic']",Retired,197
388,Alex Wilson,user389@gmail.com,,,"['nature', 'spirituality', 'politics', 'cars_motorcycles', 'photography']",Female,Austin,group,,False,,,Black,5,"['Strength Training', 'Indoor Activites']","['Realistic', 'Adventurous', 'Open-Minded']",Creative,174
389,Plower Lota,user390@gmail.com,,,"['cars_motorcycles', 'animals', 'podcasts', 'board_games']",Non-Binary,Austin,duo,,False,,,Middle Eastern,5,"['Individual Sports', 'Team Sports', 'Indoor Activites']",['Independent'],Student,151
390,Jamie Jones,user391@gmail.com,,,"['collecting', 'photography', 'crafts_diy', 'spirituality', 'politics']",Female,San Francisco,duo,,False,,,White,3,"['Dance', 'Individual Sports', 'Strength Training']","['Funny', 'Analytical', 'Curious']",Research,174
391,Reese Brown,user392@gmail.com,,,"['movies_tv', 'volunteering', 'animals', 'languages', 'comedy']",Male,New York,uno,,False,,,Other,1,"['Water Sports', 'Indoor Activites']","['Curious', 'Adventurous']",Student,170
392,Riley Miller,user393@gmail.com,,,"['volunteering', 'podcasts']",Female,Austin,uno,,False,,,Hispanic,3,"['Outdoor', 'Water Sports', 'Creative']","['Realistic', 'Calm']",Student,195
393,LeBron Miller,user394@gmail.com,,,"['politics', 'writing', 'animals']",Female,Los Angeles,duo,,False,,,Hispanic,4,"['Mind-Body', 'Strength Training', 'Creative', 'Outdoor']","['Thoughtful', 'Curious']",Student,153
394,Matthew Kavuri,user395@gmail.com,,,"['gaming', 'entrepreneurship', 'photography', 'history']",Female,Los Angeles,group,,False,,,Hispanic,5,"['Individual Sports', 'Indoor Activites', 'Mind-Body']","['Optimistic', 'Romantic']",Student,185
395,Paul Lota,user396@gmail.com,,,"['science', 'languages', 'gaming']",Female,Chicago,duo,,False,,,Asian,1,"['Video Games', 'Individual Sports']",['Analytical'],Media,177
396,Reese Patel,user397@gmail.com,,,"['podcasts', 'nature', 'movies_tv']",Male,San Francisco,duo,,False,,,Asian,4,"['Team Sports', 'Creative', 'Outdoor', 'Dance']","['Curious', 'Realistic', 'Chill']",HR,182
397,Aiden Brown,user398@gmail.com,,,"['photography', 'board_games', 'history', 'entrepreneurship']",Male,New York,group,,False,,,White,4,"['Water Sports', 'Creative']",['Funny'],Media,193
398,Avery Smith,user399@gmail.com,,,"['entrepreneurship', 'languages', 'politics']",Non-Binary,Austin,uno,,False,,,Asian,1,"['Outdoor', 'Team Sports', 'Strength Training', 'Video Games']",['Calm'],Education,173
399,Casey Johnson,user400@gmail.com,,,"['comedy', 'entrepreneurship', 'animals', 'movies_tv', 'photography']",Male,Chicago,uno,,False,,,Mixed,1,"['Video Games', 'Creative', 'Individual Sports', 'Indoor Activites']",['Funny'],Legal Work,158
400,Plower Smith,user401@gmail.com,,,"['podcasts', 'animals', 'writing', 'fashion']",Female,Austin,duo,,False,,,Mixed,4,"['Video Games', 'Team Sports', 'Strength Training']","['Loyal', 'Spontaneous', 'Chill']",Production,194
401,Skylar Johnson,user402@gmail.com,,,"['writing', 'board_games', 'history', 'podcasts']",Non-Binary,Phoenix,uno,,False,,,Black,4,"['Indoor Activites', 'Video Games']","['Spontaneous', 'Funny', 'Driven']",Technology,196
402,LeBron Kavuri,user403@gmail.com,,,"['politics', 'history']",Female,San Diego,uno,,False,,,Other,2,"['Team Sports', 'Creative', 'Dance']","['Calm', 'Independent', 'Thoughtful']",Creative,180
403,Liangelo Patel,user404@gmail.com,,,"['comedy', 'board_games']",Non-Binary,Austin,uno,,False,,,White,4,['Indoor Activites'],"['Thoughtful', 'Driven']",Media,153
404,George Johnson,user405@gmail.com,,,"['cars_motorcycles', 'languages']",Female,Austin,uno,,False,,,Hispanic,4,['Individual Sports'],['Open-Minded'],Media,164
405,George Lota,user406@gmail.com,,,"['animals', 'entrepreneurship', 'volunteering', 'writing']",Male,New York,uno,,False,,,Mixed,5,"['Indoor Activites', 'Individual Sports']",['Spontaneous'],Client Relation/Support,169
406,Lonzo Gote,user407@gmail.com,,,"['languages', 'history', 'movies_tv']",Non-Binary,Chicago,duo,,False,,,Asian,1,"['Outdoor', 'Video Games', 'Water Sports']","['Realistic', 'Analytical']",Environmental,164
407,Lamelo Patel,user408@gmail.com,,,"['gaming', 'crafts_diy', 'comedy', 'collecting']",Female,Phoenix,uno,,False,,,Hispanic,2,"['Strength Training', 'Creative']",['Optimistic'],Production,150
408,Curry Kavuri,user409@gmail.com,,,"['animals', 'spirituality', 'collecting', 'science']",Female,Houston,uno,,False,,,Mixed,3,['Outdoor'],['Optimistic'],Student,155
409,Lamelo Davis,user410@gmail.com,,,"['photography', 'volunteering']",Female,Phoenix,group,,False,,,Asian,2,"['Water Sports', 'Team Sports', 'Strength Training', 'Creative']","['Analytical', 'Loyal', 'Adventurous']",Student,197
410,George Patel,user411@gmail.com,,,"['podcasts', 'writing']",Non-Binary,New York,group,,False,,,Black,5,"['Creative', 'Outdoor']","['Organized', 'Independent']",Environmental,190
411,Casey Kavuri,user412@gmail.com,,,"['animals', 'gaming', 'politics', 'volunteering']",Male,Houston,uno,,False,,,Other,5,"['Individual Sports', 'Water Sports']","['Chill', 'Cautious', 'Empathetic']",Research,178
412,LeBron Wilson,user413@gmail.com,,,"['crafts_diy', 'board_games', 'spirituality']",Female,Austin,uno,,False,,,Asian,5,"['Outdoor', 'Individual Sports', 'Mind-Body']",['Loyal'],Student,173
413,Liangelo Patel,user414@gmail.com,,,"['politics', 'crafts_diy', 'collecting', 'movies_tv']",Female,Phoenix,duo,,False,,,Hispanic,3,"['Indoor Activites', 'Individual Sports']","['Adventurous', 'Realistic']",Healthcare,152
414,Paul Wilson,user415@gmail.com,,,"['crafts_diy', 'fashion']",Male,San Francisco,duo,,False,,,Asian,1,"['Strength Training', 'Creative']",['Chill'],Student,174
415,Riley Smith,user416@gmail.com,,,"['animals', 'collecting']",Female,New York,duo,,False,,,Asian,2,['Water Sports'],['Funny'],Education,188
416,Taylor Kavuri,user417@gmail.com,,,"['animals', 'collecting']",Non-Binary,Austin,group,,False,,,Middle Eastern,1,"['Creative', 'Indoor Activites', 'Mind-Body']","['Spontaneous', 'Open-Minded']",Legal Work,151
417,Skylar Lota,user418@gmail.com,,,"['entrepreneurship', 'history']",Non-Binary,San Diego,uno,,False,,,Black,1,"['Water Sports', 'Creative']","['Playful', 'Romantic', 'Realistic']",Environmental,200
418,Morgan Brown,user419@gmail.com,,,"['volunteering', 'podcasts', 'movies_tv']",Male,Los Angeles,group,,False,,,Middle Eastern,4,"['Individual Sports', 'Dance', 'Water Sports', 'Outdoor']","['Adventurous', 'Playful']",Student,155
419,Lamelo Gote,user420@gmail.com,,,"['writing', 'movies_tv', 'history', 'comedy', 'fashion']",Male,New York,duo,,False,,,Black,1,['Water Sports'],"['Cautious', 'Funny']",Student,200
420,George Patel,user421@gmail.com,,,"['spirituality', 'cars_motorcycles']",Male,Houston,group,,False,,,Hispanic,3,"['Creative', 'Video Games', 'Outdoor']",['Organized'],Client Relation/Support,152
421,Liangelo Jones,user422@gmail.com,,,"['history', 'volunteering', 'spirituality', 'gaming', 'photography']",Non-Binary,Chicago,group,,False,,,Mixed,1,"['Indoor Activites', 'Water Sports', 'Team Sports']","['Thoughtful', 'Chill']",Research,172
422,Jordan Johnson,user423@gmail.com,,,"['podcasts', 'comedy', 'crafts_diy', 'languages', 'history']",Non-Binary,Chicago,uno,,False,,,Mixed,5,"['Outdoor', 'Strength Training', 'Team Sports']",['Analytical'],Client Relation/Support,158
423,Jordan Williams,user424@gmail.com,,,"['crafts_diy', 'photography', 'science']",Male,Houston,uno,,False,,,White,1,"['Video Games', 'Water Sports', 'Strength Training']","['Loyal', 'Curious']",Environmental,185
424,Matthew Lota,user425@gmail.com,,,"['movies_tv', 'languages', 'collecting', 'writing', 'photography']",Female,New York,uno,,False,,,Hispanic,2,"['Outdoor', 'Strength Training', 'Mind-Body']",['Independent'],Student,180
425,Taylor Gote,user426@gmail.com,,,"['nature', 'spirituality', 'board_games']",Female,San Diego,duo,,False,,,White,5,"['Creative', 'Indoor Activites', 'Individual Sports', 'Mind-Body']","['Optimistic', 'Adventurous', 'Organized']",Media,199
426,Aiden Wilson,user427@gmail.com,,,"['fashion', 'crafts_diy', 'gaming', 'nature', 'movies_tv']",Male,New York,duo,,False,,,White,3,"['Creative', 'Indoor Activites', 'Dance', 'Team Sports']","['Cautious', 'Analytical', 'Independent']",Retired,153
427,Curry Miller,user428@gmail.com,,,"['entrepreneurship', 'comedy']",Male,Houston,group,,False,,,Hispanic,2,"['Strength Training', 'Video Games', 'Dance']","['Curious', 'Spontaneous']",Environmental,195
428,Curry Jones,user429@gmail.com,,,"['fashion', 'animals']",Female,Austin,uno,,False,,,Asian,5,"['Video Games', 'Indoor Activites', 'Strength Training', 'Dance']",['Driven'],Technology,199
429,Taylor Gote,user430@gmail.com,,,"['podcasts', 'movies_tv', 'entrepreneurship', 'gaming', 'science']",Non-Binary,San Francisco,uno,,False,,,Middle Eastern,3,"['Dance', 'Team Sports']","['Loyal', 'Cautious', 'Spontaneous']",Student,188
430,Liangelo Miller,user431@gmail.com,,,"['volunteering', 'photography', 'spirituality', 'movies_tv']",Male,Austin,duo,,False,,,Black,4,"['Team Sports', 'Strength Training']",['Romantic'],Student,183
431,Aiden Wilson,user432@gmail.com,,,"['history', 'volunteering']",Female,Austin,uno,,False,,,Middle Eastern,2,"['Strength Training', 'Dance', 'Outdoor']","['Funny', 'Adventurous', 'Driven']",Maintenance,168
432,Skylar Davis,user433@gmail.com,,,"['spirituality', 'cars_motorcycles', 'fashion', 'crafts_diy', 'movies_tv']",Male,Austin,duo,,False,,,Other,4,"['Water Sports', 'Video Games', 'Dance', 'Indoor Activites']","['Independent', 'Chill', 'Spontaneous']",Student,179
433,Lonzo Patel,user434@gmail.com,,,"['fashion', 'collecting', 'podcasts']",Male,Chicago,uno,,False,,,Middle Eastern,3,"['Video Games', 'Outdoor', 'Individual Sports']","['Organized', 'Analytical']",Student,161
434,Alex Kavuri,user435@gmail.com,,,"['board_games', 'podcasts', 'movies_tv', 'entrepreneurship']",Female,Los Angeles,uno,,False,,,Other,1,"['Strength Training', 'Team Sports']",['Independent'],Student,153
435,Riley Wilson,user436@gmail.com,,,"['history', 'photography', 'cars_motorcycles']",Male,San Francisco,duo,,False,,,Asian,3,"['Video Games', 'Individual Sports']",['Organized'],Student,163
436,Curry Smith,user437@gmail.com,,,"['comedy', 'photography', 'nature', 'volunteering']",Male,Phoenix,duo,,False,,,Asian,3,['Outdoor'],"['Empathetic', 'Driven', 'Optimistic']",Sales,167
437,Casey Temp,user438@gmail.com,,,"['science', 'history', 'spirituality', 'collecting']",Female,San Francisco,duo,,False,,,Middle Eastern,3,"['Dance', 'Team Sports', 'Strength Training', 'Mind-Body']",['Funny'],Student,155
438,Curry Smith,user439@gmail.com,,,"['politics', 'cars_motorcycles', 'photography', 'gaming']",Male,Chicago,group,,False,,,Black,5,['Mind-Body'],"['Organized', 'Spontaneous']",Office/Admin,198
439,Curry Temp,user440@gmail.com,,,"['photography', 'science', 'cars_motorcycles', 'politics', 'movies_tv']",Male,Chicago,duo,,False,,,Middle Eastern,4,"['Team Sports', 'Water Sports']",['Analytical'],Media,161
440,Morgan Smith,user441@gmail.com,,,"['languages', 'comedy']",Female,Austin,group,,False,,,White,4,['Mind-Body'],['Empathetic'],Maintenance,170
441,Plower Wilson,user442@gmail.com,,,"['science', 'nature', 'cars_motorcycles']",Male,San Diego,duo,,False,,,Hispanic,5,['Water Sports'],"['Empathetic', 'Romantic', 'Spontaneous']",Healthcare,200
442,LeBron Brown,user443@gmail.com,,,"['podcasts', 'comedy']",Male,Austin,uno,,False,,,Middle Eastern,2,"['Dance', 'Creative', 'Team Sports', 'Video Games']","['Analytical', 'Spontaneous']",Client Relation/Support,195
443,George Jones,user444@gmail.com,,,"['animals', 'gaming']",Male,Los Angeles,uno,,False,,,White,4,"['Outdoor', 'Individual Sports', 'Video Games']","['Playful', 'Organized']",Environmental,156
444,George Williams,user445@gmail.com,,,"['spirituality', 'podcasts', 'volunteering', 'fashion', 'science']",Male,Los Angeles,duo,,False,,,Hispanic,2,"['Water Sports', 'Video Games', 'Outdoor', 'Mind-Body']","['Realistic', 'Adventurous']",Sales,151
445,Ball Gote,user446@gmail.com,,,"['spirituality', 'fashion']",Male,Los Angeles,uno,,False,,,Hispanic,3,"['Team Sports', 'Dance']","['Curious', 'Funny', 'Empathetic']",Student,185
446,Reese Patel,user447@gmail.com,,,"['comedy', 'politics', 'nature', 'spirituality', 'animals']",Female,Los Angeles,uno,,False,,,Mixed,2,"['Outdoor', 'Video Games', 'Water Sports', 'Team Sports']",['Cautious'],Maintenance,164
447,Taylor Lota,user448@gmail.com,,,"['animals', 'podcasts', 'gaming']",Female,Phoenix,uno,,False,,,White,4,"['Indoor Activites', 'Team Sports', 'Creative']",['Loyal'],Sales,184
448,Casey Johnson,user449@gmail.com,,,"['languages', 'collecting']",Female,Austin,duo,,False,,,Middle Eastern,1,"['Mind-Body', 'Individual Sports']","['Cautious', 'Creative']",Creative,188
449,Morgan Temp,user450@gmail.com,,,"['volunteering', 'animals']",Female,Los Angeles,duo,,False,,,White,1,['Water Sports'],"['Empathetic', 'Organized', 'Playful']",Technology,192
450,Lamelo Jones,user451@gmail.com,,,"['science', 'fashion', 'volunteering', 'history', 'spirituality']",Non-Binary,San Diego,uno,,False,,,Other,5,"['Dance', 'Indoor Activites']",['Loyal'],Sales,170
451,Skylar Brown,user452@gmail.com,,,"['fashion', 'nature', 'writing']",Female,Phoenix,duo,,False,,,Black,3,['Indoor Activites'],['Calm'],Student,180
452,Taylor Miller,user453@gmail.com,,,"['movies_tv', 'crafts_diy', 'science']",Non-Binary,Los Angeles,group,,False,,,Middle Eastern,4,['Mind-Body'],['Thoughtful'],HR,172
453,Paul Patel,user454@gmail.com,,,"['collecting', 'crafts_diy', 'science', 'fashion']",Male,Houston,uno,,False,,,White,1,['Strength Training'],"['Loyal', 'Optimistic', 'Empathetic']",Student,184
454,Liangelo Jones,user455@gmail.com,,,"['history', 'collecting']",Non-Binary,Phoenix,group,,False,,,Asian,3,"['Team Sports', 'Creative']",['Adventurous'],Media,188
455,Stephen Brown,user456@gmail.com,,,"['history', 'comedy', 'animals', 'crafts_diy']",Female,New York,uno,,False,,,White,2,"['Video Games', 'Indoor Activites']",['Driven'],Production,197
456,Avery Johnson,user457@gmail.com,,,"['nature', 'podcasts', 'history']",Non-Binary,Austin,uno,,False,,,Black,5,"['Team Sports', 'Outdoor']","['Funny', 'Cautious']",Student,164
457,Lonzo Patel,user458@gmail.com,,,"['cars_motorcycles', 'podcasts']",Male,Phoenix,duo,,False,,,Mixed,5,['Water Sports'],"['Independent', 'Empathetic', 'Calm']",Student,178
458,Morgan Lota,user459@gmail.com,,,"['fashion', 'board_games', 'animals']",Male,Chicago,uno,,False,,,White,4,"['Individual Sports', 'Strength Training', 'Creative']",['Open-Minded'],Technology,188
459,Riley Patel,user460@gmail.com,,,"['languages', 'collecting']",Male,Houston,uno,,False,,,Black,5,"['Dance', 'Outdoor', 'Team Sports', 'Individual Sports']","['Playful', 'Organized', 'Spontaneous']",Sales,158
460,Riley Gote,user461@gmail.com,,,"['entrepreneurship', 'animals', 'science']",Male,New York,group,,False,,,Other,4,['Strength Training'],"['Romantic', 'Adventurous', 'Organized']",Office/Admin,150
461,Ball Wilson,user462@gmail.com,,,"['cars_motorcycles', 'gaming']",Female,Chicago,uno,,False,,,Asian,5,['Video Games'],['Funny'],Student,168
462,LeBron Johnson,user463@gmail.com,,,"['podcasts', 'comedy']",Female,Houston,group,,False,,,Asian,1,"['Strength Training', 'Video Games']",['Calm'],Healthcare,152
463,LeBron Temp,user464@gmail.com,,,"['collecting', 'nature', 'comedy', 'spirituality']",Male,New York,uno,,False,,,White,5,"['Outdoor', 'Dance', 'Individual Sports', 'Team Sports']","['Organized', 'Open-Minded']",Student,160
464,Jamie Miller,user465@gmail.com,,,"['spirituality', 'volunteering']",Female,Chicago,uno,,False,,,Hispanic,4,"['Outdoor', 'Water Sports', 'Team Sports']",['Empathetic'],Office/Admin,173
465,Paul Johnson,user466@gmail.com,,,"['comedy', 'crafts_diy', 'volunteering', 'politics', 'spirituality']",Non-Binary,Phoenix,uno,,False,,,Mixed,2,['Indoor Activites'],"['Analytical', 'Independent']",HR,180
466,Lonzo Lota,user467@gmail.com,,,"['podcasts', 'nature']",Male,Los Angeles,uno,,False,,,Hispanic,5,['Video Games'],['Analytical'],Healthcare,183
467,Stephen Lota,user468@gmail.com,,,"['board_games', 'history', 'entrepreneurship', 'crafts_diy']",Female,San Francisco,uno,,False,,,Hispanic,3,"['Dance', 'Strength Training', 'Video Games', 'Individual Sports']","['Spontaneous', 'Independent']",Student,163
468,Riley Johnson,user469@gmail.com,,,"['movies_tv', 'animals', 'podcasts']",Male,San Diego,uno,,False,,,Asian,4,['Dance'],"['Calm', 'Creative', 'Organized']",Technology,162
469,Morgan Gote,user470@gmail.com,,,"['history', 'science', 'spirituality', 'collecting']",Male,San Diego,duo,,False,,,Black,4,"['Team Sports', 'Outdoor', 'Strength Training', 'Creative']","['Curious', 'Playful']",Student,171
470,Jamie Brown,user471@gmail.com,,,"['cars_motorcycles', 'movies_tv', 'writing', 'animals', 'crafts_diy']",Non-Binary,Austin,group,,False,,,Asian,5,"['Team Sports', 'Mind-Body', 'Video Games', 'Individual Sports']",['Playful'],Student,160
471,Avery Brown,user472@gmail.com,,,"['nature', 'animals', 'science']",Male,Austin,uno,,False,,,Mixed,5,['Video Games'],"['Organized', 'Realistic']",Research,163
472,Stephen Jones,user473@gmail.com,,,"['collecting', 'podcasts', 'writing', 'languages']",Male,New York,uno,,False,,,Black,1,"['Team Sports', 'Outdoor']",['Optimistic'],Sales,173
473,Aiden Johnson,user474@gmail.com,,,"['languages', 'cars_motorcycles', 'board_games', 'politics']",Male,San Diego,duo,,False,,,White,5,"['Water Sports', 'Mind-Body']","['Curious', 'Spontaneous', 'Optimistic']",Student,165
474,Paul Williams,user475@gmail.com,,,"['history', 'podcasts', 'entrepreneurship']",Female,Los Angeles,group,,False,,,Black,1,"['Strength Training', 'Team Sports']",['Realistic'],HR,172
475,Jordan Kavuri,user476@gmail.com,,,"['nature', 'entrepreneurship', 'photography', 'gaming', 'volunteering']",Male,Chicago,uno,,False,,,Asian,3,"['Mind-Body', 'Water Sports', 'Creative', 'Video Games']","['Spontaneous', 'Empathetic']",Technology,150
476,Riley Williams,user477@gmail.com,,,"['entrepreneurship', 'languages', 'animals', 'board_games']",Non-Binary,New York,uno,,False,,,Black,5,"['Creative', 'Mind-Body', 'Outdoor']","['Empathetic', 'Spontaneous']",Maintenance,162
477,Alex Gote,user478@gmail.com,,,"['board_games', 'cars_motorcycles', 'podcasts']",Non-Binary,Los Angeles,duo,,False,,,Middle Eastern,3,"['Mind-Body', 'Video Games', 'Outdoor', 'Dance']",['Open-Minded'],Student,174
478,Jordan Kavuri,user479@gmail.com,,,"['science', 'entrepreneurship', 'animals', 'comedy']",Male,Chicago,uno,,False,,,Black,5,"['Dance', 'Individual Sports', 'Water Sports']","['Creative', 'Spontaneous']",Technology,158
479,Jordan Patel,user480@gmail.com,,,"['fashion', 'entrepreneurship', 'movies_tv', 'volunteering', 'languages']",Female,Austin,uno,,False,,,Hispanic,5,"['Individual Sports', 'Strength Training', 'Dance', 'Water Sports']","['Empathetic', 'Open-Minded']",Creative,172
480,Alex Wilson,user481@gmail.com,,,"['animals', 'writing', 'spirituality']",Male,San Francisco,uno,,False,,,White,1,"['Strength Training', 'Video Games']",['Chill'],Media,155
481,Aiden Williams,user482@gmail.com,,,"['photography', 'volunteering', 'board_games']",Male,San Diego,duo,,False,,,Asian,3,['Individual Sports'],"['Analytical', 'Adventurous']",Student,159
482,Curry Jones,user483@gmail.com,,,"['spirituality', 'podcasts']",Female,Houston,uno,,False,,,Hispanic,4,['Strength Training'],['Optimistic'],Healthcare,198
483,Lonzo Miller,user484@gmail.com,,,"['crafts_diy', 'animals', 'collecting']",Male,San Diego,group,,False,,,Asian,2,['Mind-Body'],"['Adventurous', 'Curious']",Technology,187
484,Jordan Patel,user485@gmail.com,,,"['movies_tv', 'politics', 'comedy', 'animals']",Female,San Diego,duo,,False,,,Black,3,"['Team Sports', 'Strength Training', 'Creative']","['Creative', 'Independent']",Student,168
485,Reese Gote,user486@gmail.com,,,"['comedy', 'writing', 'board_games']",Male,New York,group,,False,,,Hispanic,3,"['Individual Sports', 'Video Games', 'Strength Training', 'Outdoor']",['Curious'],Student,161
486,Lonzo Smith,user487@gmail.com,,,"['languages', 'politics', 'fashion', 'entrepreneurship']",Female,Austin,uno,,False,,,Black,2,['Indoor Activites'],['Thoughtful'],Maintenance,157
487,Casey Brown,user488@gmail.com,,,"['languages', 'entrepreneurship', 'animals', 'writing', 'history']",Female,Phoenix,duo,,False,,,Hispanic,4,"['Strength Training', 'Indoor Activites', 'Team Sports', 'Dance']","['Curious', 'Thoughtful', 'Open-Minded']",Student,159
488,George Smith,user489@gmail.com,,,"['fashion', 'volunteering', 'cars_motorcycles']",Non-Binary,San Francisco,uno,,False,,,Mixed,3,['Indoor Activites'],['Funny'],Creative,182
489,Skylar Williams,user490@gmail.com,,,"['science', 'volunteering']",Female,Chicago,duo,,False,,,Middle Eastern,2,"['Strength Training', 'Water Sports', 'Outdoor']","['Chill', 'Loyal', 'Funny']",Healthcare,156
490,George Wilson,user491@gmail.com,,,"['gaming', 'politics', 'writing']",Female,San Francisco,group,,False,,,Middle Eastern,3,"['Outdoor', 'Strength Training']","['Calm', 'Thoughtful', 'Playful']",Student,200
491,Taylor Williams,user492@gmail.com,,,"['podcasts', 'photography', 'politics', 'comedy', 'entrepreneurship']",Male,San Diego,uno,,False,,,Black,4,"['Strength Training', 'Water Sports']","['Independent', 'Playful']",Client Relation/Support,163
492,Liangelo Smith,user493@gmail.com,,,"['movies_tv', 'science', 'photography', 'crafts_diy', 'gaming']",Female,Phoenix,duo,,False,,,Black,5,"['Outdoor', 'Dance', 'Video Games', 'Mind-Body']","['Realistic', 'Funny']",Research,195
493,Stephen Williams,user494@gmail.com,,,"['writing', 'animals', 'gaming', 'board_games', 'spirituality']",Female,Houston,group,,False,,,Black,1,['Video Games'],['Organized'],Media,168
494,Aiden Davis,user495@gmail.com,,,"['photography', 'comedy', 'writing', 'podcasts', 'volunteering']",Male,Houston,group,,False,,,Middle Eastern,3,"['Indoor Activites', 'Creative']","['Romantic', 'Optimistic']",Student,189
495,George Smith,user496@gmail.com,,,"['gaming', 'cars_motorcycles']",Male,Chicago,uno,,False,,,Asian,3,['Water Sports'],"['Empathetic', 'Optimistic']",Student,163
496,Jordan Lota,user497@gmail.com,,,"['crafts_diy', 'cars_motorcycles', 'movies_tv']",Female,Phoenix,uno,,False,,,Other,4,"['Strength Training', 'Team Sports']",['Open-Minded'],HR,190
497,Riley Davis,user498@gmail.com,,,"['board_games', 'animals']",Non-Binary,Los Angeles,duo,,False,,,Middle Eastern,1,"['Individual Sports', 'Team Sports']",['Calm'],Student,154
498,LeBron Jones,user499@gmail.com,,,"['comedy', 'crafts_diy', 'nature', 'science', 'podcasts']",Non-Binary,Houston,uno,,False,,,White,2,"['Dance', 'Strength Training']","['Organized', 'Funny', 'Independent']",Retired,175
499,Morgan Temp,user500@gmail.com,,,"['collecting', 'crafts_diy']",Female,San Francisco,uno,,False,,,Hispanic,5,['Strength Training'],"['Open-Minded', 'Driven']",Environmental,150
500,Alex Gote,user501@gmail.com,,,"['volunteering', 'cars_motorcycles', 'movies_tv']",Non-Binary,Phoenix,uno,,False,,,Hispanic,1,['Water Sports'],"['Analytical', 'Loyal', 'Curious']",Technology,193
501,Jamie Davis,user502@gmail.com,,,"['gaming', 'fashion', 'podcasts']",Female,New York,uno,,False,,,Hispanic,2,"['Dance', 'Indoor Activites', 'Creative']","['Driven', 'Thoughtful']",Student,160
502,Plower Temp,user503@gmail.com,,,"['collecting', 'science']",Female,New York,duo,,False,,,Other,3,"['Team Sports', 'Dance', 'Water Sports']",['Optimistic'],Creative,151
503,Taylor Wilson,user504@gmail.com,,,"['history', 'science', 'fashion']",Female,San Diego,group,,False,,,Other,5,"['Water Sports', 'Strength Training', 'Dance', 'Video Games']","['Independent', 'Curious', 'Driven']",Student,171
504,Avery Smith,user505@gmail.com,,,"['nature', 'gaming']",Male,New York,duo,,False,,,Black,5,"['Strength Training', 'Outdoor']","['Romantic', 'Optimistic', 'Chill']",Sales,156
505,Jamie Lota,user506@gmail.com,,,"['nature', 'fashion', 'collecting', 'movies_tv', 'science']",Male,Austin,uno,,False,,,Other,5,"['Strength Training', 'Individual Sports', 'Creative']",['Adventurous'],Research,195
506,Avery Lota,user507@gmail.com,,,"['history', 'board_games']",Female,Houston,uno,,False,,,Hispanic,5,"['Video Games', 'Water Sports']","['Cautious', 'Analytical', 'Adventurous']",Maintenance,169
507,Aiden Kavuri,user508@gmail.com,,,"['writing', 'fashion', 'photography', 'volunteering', 'science']",Female,Los Angeles,uno,,False,,,Middle Eastern,3,"['Team Sports', 'Mind-Body', 'Indoor Activites', 'Video Games']","['Spontaneous', 'Open-Minded']",Sales,151
508,George Davis,user509@gmail.com,,,"['movies_tv', 'comedy']",Male,Austin,uno,,False,,,Black,2,"['Creative', 'Outdoor', 'Dance', 'Individual Sports']",['Independent'],Education,159
509,Aiden Wilson,user510@gmail.com,,,"['history', 'fashion', 'gaming', 'collecting']",Female,Los Angeles,uno,,False,,,Hispanic,1,"['Indoor Activites', 'Video Games']","['Driven', 'Loyal', 'Open-Minded']",Client Relation/Support,184
510,Reese Johnson,user511@gmail.com,,,"['cars_motorcycles', 'crafts_diy']",Male,Phoenix,duo,,False,,,Middle Eastern,1,"['Outdoor', 'Creative', 'Team Sports']",['Driven'],HR,153
511,Reese Davis,user512@gmail.com,,,"['podcasts', 'movies_tv', 'spirituality', 'writing']",Male,Austin,duo,,False,,,Hispanic,5,"['Dance', 'Outdoor']",['Creative'],Research,196
512,Reese Brown,user513@gmail.com,,,"['comedy', 'languages']",Non-Binary,Chicago,group,,False,,,White,4,"['Mind-Body', 'Strength Training']","['Funny', 'Driven']",Environmental,152
513,Plower Johnson,user514@gmail.com,,,"['fashion', 'spirituality', 'nature', 'writing']",Male,Chicago,uno,,False,,,Other,5,"['Outdoor', 'Water Sports']",['Creative'],Healthcare,182
514,Avery Davis,user515@gmail.com,,,"['fashion', 'comedy']",Male,San Diego,uno,,False,,,Asian,4,"['Individual Sports', 'Strength Training', 'Team Sports']","['Realistic', 'Playful']",Environmental,197
515,Jordan Patel,user516@gmail.com,,,"['cars_motorcycles', 'podcasts', 'collecting', 'crafts_diy', 'politics']",Male,Phoenix,uno,,False,,,Mixed,5,"['Strength Training', 'Creative', 'Water Sports']",['Optimistic'],Education,151
516,Liangelo Smith,user517@gmail.com,,,"['cars_motorcycles', 'nature', 'gaming', 'comedy']",Male,San Diego,uno,,False,,,Asian,5,"['Video Games', 'Creative', 'Strength Training', 'Individual Sports']","['Romantic', 'Cautious', 'Organized']",Technology,159
517,Jordan Brown,user518@gmail.com,,,"['podcasts', 'volunteering', 'gaming']",Male,Chicago,group,,False,,,Hispanic,5,['Team Sports'],['Curious'],Sales,181
518,Jordan Brown,user519@gmail.com,,,"['writing', 'entrepreneurship', 'cars_motorcycles']",Male,Austin,uno,,False,,,Hispanic,3,['Strength Training'],['Analytical'],Student,188
519,Skylar Lota,user520@gmail.com,,,"['spirituality', 'comedy', 'languages', 'fashion', 'movies_tv']",Male,Austin,uno,,False,,,Mixed,3,"['Water Sports', 'Indoor Activites', 'Strength Training']","['Thoughtful', 'Empathetic', 'Open-Minded']",Student,176
520,Stephen Patel,user521@gmail.com,,,"['animals', 'podcasts', 'history', 'comedy']",Non-Binary,Chicago,duo,,False,,,Asian,4,"['Creative', 'Team Sports', 'Indoor Activites', 'Water Sports']","['Cautious', 'Chill', 'Romantic']",HR,187
521,Morgan Johnson,user522@gmail.com,,,"['podcasts', 'comedy', 'history']",Female,Austin,uno,,False,,,Other,3,"['Creative', 'Team Sports']","['Creative', 'Analytical']",Production,193
522,Stephen Miller,user523@gmail.com,,,"['science', 'cars_motorcycles', 'history', 'movies_tv']",Male,Los Angeles,uno,,False,,,White,5,"['Creative', 'Video Games', 'Individual Sports']","['Empathetic', 'Chill', 'Open-Minded']",Student,178
523,Riley Williams,user524@gmail.com,,,"['cars_motorcycles', 'photography']",Female,New York,duo,,False,,,White,4,"['Outdoor', 'Indoor Activites']","['Independent', 'Funny', 'Playful']",Client Relation/Support,191
524,Jamie Williams,user525@gmail.com,,,"['crafts_diy', 'spirituality', 'photography', 'science']",Female,Houston,group,,False,,,Middle Eastern,2,"['Team Sports', 'Individual Sports', 'Water Sports', 'Video Games']","['Realistic', 'Empathetic', 'Adventurous']",Media,193
525,Paul Miller,user526@gmail.com,,,"['photography', 'movies_tv', 'podcasts', 'writing', 'gaming']",Female,Phoenix,duo,,False,,,Middle Eastern,1,"['Dance', 'Outdoor', 'Strength Training']","['Analytical', 'Chill']",Client Relation/Support,176
526,Skylar Kavuri,user527@gmail.com,,,"['board_games', 'politics']",Female,Houston,uno,,False,,,Middle Eastern,5,"['Individual Sports', 'Outdoor', 'Creative']","['Empathetic', 'Playful']",Student,195
527,Riley Jones,user528@gmail.com,,,"['entrepreneurship', 'fashion', 'languages']",Female,San Francisco,group,,False,,,Other,5,"['Dance', 'Creative', 'Mind-Body', 'Individual Sports']",['Open-Minded'],Student,197
528,Reese Williams,user529@gmail.com,,,"['spirituality', 'podcasts', 'photography', 'fashion']",Female,Phoenix,group,,False,,,Middle Eastern,2,"['Mind-Body', 'Team Sports', 'Water Sports']","['Organized', 'Independent', 'Thoughtful']",Student,199
529,Taylor Wilson,user530@gmail.com,,,"['collecting', 'gaming']",Female,Phoenix,uno,,False,,,Hispanic,3,['Video Games'],"['Analytical', 'Thoughtful', 'Adventurous']",Student,173
530,Paul Temp,user531@gmail.com,,,"['politics', 'collecting', 'nature', 'science', 'crafts_diy']",Male,Phoenix,uno,,False,,,Middle Eastern,2,"['Video Games', 'Indoor Activites', 'Team Sports']","['Open-Minded', 'Curious', 'Adventurous']",Education,160
531,Plower Gote,user532@gmail.com,,,"['history', 'politics', 'cars_motorcycles']",Non-Binary,Phoenix,duo,,False,,,Black,1,['Outdoor'],"['Loyal', 'Analytical']",Media,161
532,Skylar Brown,user533@gmail.com,,,"['animals', 'crafts_diy']",Female,Chicago,uno,,False,,,Other,2,"['Video Games', 'Team Sports', 'Water Sports']",['Cautious'],Student,195
533,George Jones,user534@gmail.com,,,"['crafts_diy', 'fashion', 'spirituality', 'cars_motorcycles']",Non-Binary,Los Angeles,duo,,False,,,Black,4,"['Water Sports', 'Video Games', 'Creative', 'Indoor Activites']","['Driven', 'Adventurous', 'Loyal']",Media,178
534,George Gote,user535@gmail.com,,,"['entrepreneurship', 'nature', 'animals', 'comedy', 'volunteering']",Female,Phoenix,uno,,False,,,Asian,1,"['Creative', 'Indoor Activites', 'Dance', 'Individual Sports']","['Funny', 'Curious', 'Loyal']",HR,174
535,Ball Lota,user536@gmail.com,,,"['languages', 'podcasts', 'politics', 'entrepreneurship', 'crafts_diy']",Male,San Diego,uno,,False,,,Other,4,"['Indoor Activites', 'Creative', 'Individual Sports', 'Video Games']","['Playful', 'Funny']",Legal Work,181
536,LeBron Gote,user537@gmail.com,,,"['writing', 'history']",Non-Binary,New York,duo,,False,,,Hispanic,2,"['Indoor Activites', 'Strength Training', 'Creative']","['Thoughtful', 'Driven', 'Realistic']",Student,164
537,LeBron Patel,user538@gmail.com,,,"['crafts_diy', 'animals', 'gaming']",Male,Houston,duo,,False,,,Middle Eastern,2,"['Outdoor', 'Team Sports', 'Strength Training', 'Video Games']",['Cautious'],Office/Admin,150
538,Riley Jones,user539@gmail.com,,,"['movies_tv', 'gaming', 'spirituality', 'history']",Male,Los Angeles,uno,,False,,,Mixed,5,['Water Sports'],"['Optimistic', 'Chill']",Research,179
539,Liangelo Miller,user540@gmail.com,,,"['comedy', 'languages']",Female,Austin,uno,,False,,,Black,5,"['Video Games', 'Creative', 'Strength Training']",['Open-Minded'],Retired,176
540,Skylar Temp,user541@gmail.com,,,"['history', 'politics', 'fashion', 'science']",Female,Chicago,uno,,False,,,Hispanic,4,"['Dance', 'Outdoor', 'Water Sports', 'Team Sports']","['Organized', 'Cautious', 'Empathetic']",Client Relation/Support,153
541,Plower Davis,user542@gmail.com,,,"['fashion', 'podcasts', 'nature', 'gaming']",Female,Chicago,uno,,False,,,Black,4,['Team Sports'],"['Organized', 'Loyal']",Media,152
542,Casey Lota,user543@gmail.com,,,"['animals', 'collecting', 'board_games']",Female,San Francisco,uno,,False,,,Middle Eastern,3,"['Water Sports', 'Video Games', 'Mind-Body']","['Curious', 'Calm']",Creative,178
543,Skylar Smith,user544@gmail.com,,,"['crafts_diy', 'politics', 'collecting']",Male,San Diego,uno,,False,,,White,5,['Indoor Activites'],['Playful'],Student,184
544,Liangelo Kavuri,user545@gmail.com,,,"['politics', 'nature', 'gaming']",Non-Binary,Houston,group,,False,,,Hispanic,5,['Mind-Body'],['Adventurous'],Sales,168
545,Plower Smith,user546@gmail.com,,,"['podcasts', 'board_games', 'science', 'crafts_diy']",Female,Phoenix,duo,,False,,,Middle Eastern,3,"['Dance', 'Strength Training', 'Outdoor', 'Creative']","['Optimistic', 'Adventurous']",Student,198
546,Skylar Gote,user547@gmail.com,,,"['fashion', 'photography', 'podcasts', 'board_games']",Male,New York,uno,,False,,,Black,4,['Water Sports'],['Organized'],Technology,185
547,Lamelo Temp,user548@gmail.com,,,"['writing', 'nature']",Non-Binary,Los Angeles,group,,False,,,Mixed,1,['Mind-Body'],"['Spontaneous', 'Playful']",Student,189
548,Paul Jones,user549@gmail.com,,,"['comedy', 'volunteering', 'animals', 'collecting']",Male,Austin,group,,False,,,Black,2,['Indoor Activites'],"['Independent', 'Chill']",Healthcare,181
549,Paul Williams,user550@gmail.com,,,"['languages', 'crafts_diy']",Female,San Francisco,duo,,False,,,Other,4,"['Strength Training', 'Team Sports', 'Individual Sports', 'Indoor Activites']","['Thoughtful', 'Curious']",Research,182
550,Plower Patel,user551@gmail.com,,,"['history', 'photography']",Male,Chicago,duo,,False,,,Other,5,"['Strength Training', 'Indoor Activites']",['Organized'],Environmental,198
551,Lonzo Davis,user552@gmail.com,,,"['collecting', 'languages', 'podcasts', 'politics']",Male,Austin,duo,,False,,,Mixed,4,"['Team Sports', 'Outdoor', 'Mind-Body', 'Video Games']","['Loyal', 'Empathetic', 'Playful']",Office/Admin,173
552,Stephen Gote,user553@gmail.com,,,"['crafts_diy', 'nature', 'podcasts', 'animals', 'collecting']",Female,Austin,group,,False,,,Middle Eastern,3,"['Outdoor', 'Mind-Body']","['Curious', 'Thoughtful']",Production,159
553,Stephen Johnson,user554@gmail.com,,,"['science', 'board_games', 'animals']",Female,San Francisco,uno,,False,,,Hispanic,2,['Dance'],"['Calm', 'Adventurous']",Retired,170
554,Taylor Jones,user555@gmail.com,,,"['science', 'movies_tv']",Female,San Diego,uno,,False,,,Asian,2,['Mind-Body'],['Calm'],Student,157
555,Avery Brown,user556@gmail.com,,,"['board_games', 'animals', 'volunteering', 'nature']",Female,Houston,group,,False,,,Middle Eastern,3,"['Creative', 'Team Sports', 'Video Games']","['Creative', 'Chill', 'Organized']",Environmental,158
556,George Temp,user557@gmail.com,,,"['writing', 'cars_motorcycles', 'board_games', 'crafts_diy', 'movies_tv']",Female,Los Angeles,duo,,False,,,Asian,2,"['Water Sports', 'Team Sports', 'Individual Sports']",['Chill'],Education,193
557,Plower Johnson,user558@gmail.com,,,"['spirituality', 'gaming']",Non-Binary,Houston,uno,,False,,,Asian,5,"['Individual Sports', 'Mind-Body', 'Strength Training', 'Water Sports']","['Chill', 'Funny', 'Independent']",Sales,182
558,Morgan Miller,user559@gmail.com,,,"['podcasts', 'nature', 'cars_motorcycles', 'languages', 'photography']",Non-Binary,San Francisco,duo,,False,,,Middle Eastern,2,"['Video Games', 'Water Sports', 'Team Sports', 'Strength Training']",['Cautious'],Media,196
559,Paul Brown,user560@gmail.com,,,"['fashion', 'animals']",Female,San Diego,uno,,False,,,White,5,"['Creative', 'Strength Training', 'Water Sports']","['Curious', 'Chill']",Research,160
560,Paul Lota,user561@gmail.com,,,"['podcasts', 'cars_motorcycles', 'history', 'collecting', 'photography']",Male,Houston,uno,,False,,,Other,4,"['Strength Training', 'Creative', 'Team Sports', 'Water Sports']",['Realistic'],Client Relation/Support,174
561,Lonzo Patel,user562@gmail.com,,,"['spirituality', 'writing']",Male,Houston,uno,,False,,,Hispanic,5,"['Individual Sports', 'Mind-Body']",['Cautious'],Student,198
562,Matthew Gote,user563@gmail.com,,,"['movies_tv', 'writing']",Female,Chicago,duo,,False,,,Mixed,1,"['Water Sports', 'Outdoor']","['Loyal', 'Thoughtful']",Environmental,180
563,Matthew Gote,user564@gmail.com,,,"['photography', 'collecting', 'comedy', 'board_games', 'gaming']",Male,Houston,group,,False,,,Mixed,3,"['Video Games', 'Individual Sports']","['Independent', 'Adventurous', 'Driven']",Retired,198
564,Morgan Wilson,user565@gmail.com,,,"['collecting', 'board_games']",Female,Chicago,uno,,False,,,White,3,"['Outdoor', 'Dance']",['Funny'],Research,173
565,Matthew Davis,user566@gmail.com,,,"['collecting', 'comedy', 'science', 'spirituality', 'podcasts']",Male,Phoenix,uno,,False,,,White,3,"['Strength Training', 'Team Sports', 'Water Sports', 'Individual Sports']","['Funny', 'Optimistic', 'Analytical']",Student,178
566,Liangelo Davis,user567@gmail.com,,,"['board_games', 'languages']",Non-Binary,Austin,group,,False,,,White,5,['Mind-Body'],"['Calm', 'Creative']",Creative,172
567,Aiden Gote,user568@gmail.com,,,"['history', 'nature']",Male,San Francisco,group,,False,,,Mixed,1,['Strength Training'],"['Realistic', 'Spontaneous', 'Optimistic']",Student,178
568,Jordan Lota,user569@gmail.com,,,"['entrepreneurship', 'fashion', 'podcasts', 'photography']",Female,Chicago,uno,,False,,,Black,5,['Strength Training'],"['Creative', 'Romantic']",Media,166
569,Skylar Jones,user570@gmail.com,,,"['volunteering', 'comedy', 'gaming', 'spirituality', 'photography']",Female,Los Angeles,uno,,False,,,White,1,"['Creative', 'Water Sports', 'Strength Training']","['Driven', 'Spontaneous', 'Independent']",Sales,185
570,Matthew Davis,user571@gmail.com,,,"['nature', 'crafts_diy', 'board_games', 'movies_tv']",Non-Binary,Houston,group,,False,,,Middle Eastern,2,"['Creative', 'Team Sports', 'Dance', 'Video Games']","['Open-Minded', 'Romantic', 'Curious']",Sales,166
571,Matthew Gote,user572@gmail.com,,,"['collecting', 'science', 'photography', 'fashion', 'nature']",Non-Binary,Houston,uno,,False,,,Mixed,4,['Dance'],"['Loyal', 'Chill', 'Spontaneous']",Research,159
572,Morgan Williams,user573@gmail.com,,,"['history', 'volunteering', 'cars_motorcycles', 'board_games', 'gaming']",Male,New York,duo,,False,,,Mixed,4,"['Dance', 'Individual Sports', 'Outdoor', 'Water Sports']",['Adventurous'],Client Relation/Support,194
573,Alex Williams,user574@gmail.com,,,"['science', 'languages', 'podcasts', 'crafts_diy', 'gaming']",Female,Austin,uno,,False,,,Mixed,3,"['Strength Training', 'Individual Sports', 'Team Sports', 'Indoor Activites']","['Calm', 'Adventurous', 'Funny']",Maintenance,186
574,Liangelo Patel,user575@gmail.com,,,"['animals', 'cars_motorcycles']",Female,New York,duo,,False,,,Black,3,"['Dance', 'Outdoor']","['Calm', 'Playful']",Office/Admin,197
575,Lonzo Williams,user576@gmail.com,,,"['movies_tv', 'animals', 'nature', 'crafts_diy']",Female,Houston,duo,,False,,,Asian,3,"['Indoor Activites', 'Outdoor', 'Strength Training', 'Video Games']","['Analytical', 'Spontaneous']",Media,195
576,Alex Patel,user577@gmail.com,,,"['history', 'collecting', 'comedy', 'podcasts']",Female,San Francisco,duo,,False,,,Hispanic,4,"['Dance', 'Creative', 'Indoor Activites']","['Empathetic', 'Open-Minded', 'Romantic']",Healthcare,166
577,Plower Lota,user578@gmail.com,,,"['languages', 'spirituality', 'fashion', 'cars_motorcycles', 'entrepreneurship']",Female,Houston,uno,,False,,,Black,4,"['Individual Sports', 'Water Sports', 'Creative']","['Creative', 'Analytical', 'Spontaneous']",Student,155
578,Jordan Brown,user579@gmail.com,,,"['volunteering', 'animals', 'writing']",Non-Binary,Chicago,group,,False,,,White,4,"['Team Sports', 'Individual Sports', 'Strength Training', 'Indoor Activites']",['Adventurous'],Client Relation/Support,188
579,Liangelo Wilson,user580@gmail.com,,,"['gaming', 'entrepreneurship', 'writing', 'collecting']",Female,San Diego,uno,,False,,,Asian,2,"['Video Games', 'Mind-Body', 'Indoor Activites', 'Creative']","['Cautious', 'Funny']",Education,163
580,Lonzo Miller,user581@gmail.com,,,"['spirituality', 'volunteering', 'comedy', 'politics']",Female,Austin,group,,False,,,Hispanic,1,"['Individual Sports', 'Creative', 'Team Sports']","['Playful', 'Independent']",Research,158
581,Riley Brown,user582@gmail.com,,,"['nature', 'cars_motorcycles']",Female,San Diego,uno,,False,,,Black,3,"['Creative', 'Video Games']",['Calm'],Student,157
582,Skylar Miller,user583@gmail.com,,,"['history', 'crafts_diy']",Male,Chicago,uno,,False,,,Black,3,"['Video Games', 'Team Sports']","['Spontaneous', 'Cautious']",Environmental,168
583,Jamie Lota,user584@gmail.com,,,"['crafts_diy', 'writing', 'nature', 'volunteering', 'fashion']",Female,Phoenix,group,,False,,,Asian,4,"['Strength Training', 'Individual Sports', 'Mind-Body']","['Independent', 'Adventurous', 'Spontaneous']",Education,184
584,LeBron Patel,user585@gmail.com,,,"['languages', 'collecting', 'spirituality', 'animals', 'science']",Male,Los Angeles,duo,,False,,,Asian,3,"['Indoor Activites', 'Video Games', 'Water Sports', 'Creative']","['Open-Minded', 'Spontaneous']",Student,193
585,Stephen Kavuri,user586@gmail.com,,,"['languages', 'movies_tv', 'podcasts']",Male,New York,duo,,False,,,White,4,"['Outdoor', 'Water Sports', 'Indoor Activites']",['Chill'],Media,195
586,Ball Miller,user587@gmail.com,,,"['movies_tv', 'nature']",Male,San Diego,uno,,False,,,Asian,5,['Individual Sports'],['Chill'],Education,167
587,Liangelo Wilson,user588@gmail.com,,,"['photography', 'fashion', 'history']",Male,Houston,uno,,False,,,White,2,"['Individual Sports', 'Video Games', 'Creative']",['Organized'],Healthcare,170
588,Ball Lota,user589@gmail.com,,,"['animals', 'entrepreneurship', 'board_games']",Male,Los Angeles,uno,,False,,,Black,5,['Water Sports'],"['Optimistic', 'Adventurous', 'Open-Minded']",Technology,185
589,Plower Davis,user590@gmail.com,,,"['entrepreneurship', 'podcasts']",Male,Austin,uno,,False,,,Middle Eastern,3,"['Strength Training', 'Creative', 'Dance']",['Loyal'],Student,159
590,Reese Davis,user591@gmail.com,,,"['fashion', 'podcasts', 'politics', 'entrepreneurship', 'gaming']",Female,New York,duo,,False,,,Mixed,1,"['Video Games', 'Outdoor', 'Indoor Activites', 'Strength Training']","['Chill', 'Optimistic', 'Cautious']",Technology,191
591,Skylar Lota,user592@gmail.com,,,"['podcasts', 'spirituality']",Female,Houston,uno,,False,,,Mixed,2,['Team Sports'],"['Analytical', 'Curious', 'Realistic']",Student,184
592,Ball Wilson,user593@gmail.com,,,"['nature', 'crafts_diy', 'movies_tv', 'photography']",Male,San Diego,group,,False,,,Other,2,"['Team Sports', 'Mind-Body', 'Dance']","['Funny', 'Organized', 'Spontaneous']",Technology,177
593,George Patel,user594@gmail.com,,,"['movies_tv', 'languages', 'podcasts', 'nature', 'science']",Male,Chicago,uno,,False,,,Other,1,"['Water Sports', 'Team Sports', 'Individual Sports', 'Dance']","['Thoughtful', 'Curious', 'Loyal']",Student,168
594,Jordan Jones,user595@gmail.com,,,"['nature', 'animals', 'photography']",Non-Binary,Los Angeles,uno,,False,,,Asian,5,"['Strength Training', 'Outdoor', 'Indoor Activites', 'Video Games']","['Adventurous', 'Optimistic', 'Romantic']",Student,160
595,Aiden Wilson,user596@gmail.com,,,"['volunteering', 'spirituality']",Non-Binary,New York,uno,,False,,,Asian,2,"['Video Games', 'Dance']","['Realistic', 'Independent']",Office/Admin,150
596,Taylor Wilson,user597@gmail.com,,,"['writing', 'volunteering', 'spirituality']",Male,Chicago,group,,False,,,Hispanic,1,['Video Games'],"['Adventurous', 'Empathetic']",HR,163
597,Stephen Kavuri,user598@gmail.com,,,"['photography', 'writing', 'history', 'board_games', 'comedy']",Female,Phoenix,group,,False,,,Black,2,"['Outdoor', 'Individual Sports']","['Open-Minded', 'Romantic']",Retired,153
598,LeBron Lota,user599@gmail.com,,,"['writing', 'crafts_diy', 'history', 'politics', 'movies_tv']",Female,Austin,uno,,False,,,Middle Eastern,2,['Outdoor'],"['Empathetic', 'Playful']",Student,158
599,Liangelo Gote,user600@gmail.com,,,"['movies_tv', 'spirituality', 'cars_motorcycles', 'nature']",Female,Austin,group,,False,,,Other,2,"['Dance', 'Outdoor', 'Creative']",['Independent'],Student,150
600,Paul Jones,user601@gmail.com,,,"['languages', 'gaming', 'comedy', 'history']",Male,Phoenix,uno,,False,,,Other,5,"['Team Sports', 'Dance', 'Creative', 'Water Sports']",['Romantic'],Retired,152
601,Liangelo Gote,user602@gmail.com,,,"['history', 'languages']",Male,New York,group,,False,,,Black,4,"['Outdoor', 'Strength Training', 'Water Sports']","['Calm', 'Adventurous', 'Funny']",Office/Admin,160
602,Curry Miller,user603@gmail.com,,,"['politics', 'comedy', 'board_games']",Female,San Diego,uno,,False,,,Mixed,1,"['Outdoor', 'Mind-Body', 'Strength Training', 'Water Sports']","['Adventurous', 'Romantic']",Office/Admin,187
603,Stephen Smith,user604@gmail.com,,,"['movies_tv', 'history']",Male,San Diego,duo,,False,,,White,4,['Creative'],"['Driven', 'Calm']",Technology,163
604,Curry Lota,user605@gmail.com,,,"['comedy', 'spirituality', 'animals', 'fashion', 'entrepreneurship']",Female,Houston,uno,,False,,,White,4,['Video Games'],['Analytical'],Legal Work,168
605,Taylor Davis,user606@gmail.com,,,"['writing', 'languages', 'nature']",Female,San Diego,uno,,False,,,Hispanic,4,"['Video Games', 'Mind-Body', 'Dance', 'Water Sports']","['Romantic', 'Analytical']",Office/Admin,162
606,Paul Jones,user607@gmail.com,,,"['entrepreneurship', 'fashion', 'languages']",Female,Austin,uno,,False,,,Other,5,"['Outdoor', 'Mind-Body', 'Video Games']","['Funny', 'Loyal']",Client Relation/Support,156
607,Liangelo Jones,user608@gmail.com,,,"['podcasts', 'history', 'entrepreneurship', 'comedy', 'movies_tv']",Male,Chicago,uno,,False,,,Hispanic,2,"['Outdoor', 'Dance', 'Creative']","['Independent', 'Adventurous']",Creative,186
608,Jamie Jones,user609@gmail.com,,,"['crafts_diy', 'gaming', 'animals', 'podcasts', 'photography']",Female,Chicago,uno,,False,,,Middle Eastern,4,"['Water Sports', 'Individual Sports', 'Dance']","['Playful', 'Romantic']",Environmental,152
609,Ball Brown,user610@gmail.com,,,"['gaming', 'volunteering']",Female,Houston,uno,,False,,,Mixed,5,"['Creative', 'Strength Training']",['Cautious'],Education,171
610,Skylar Davis,user611@gmail.com,,,"['cars_motorcycles', 'languages']",Male,New York,group,,False,,,Middle Eastern,5,['Strength Training'],['Calm'],Student,150
611,Jamie Brown,user612@gmail.com,,,"['politics', 'history', 'fashion']",Non-Binary,Houston,duo,,False,,,Mixed,1,['Strength Training'],['Creative'],Student,153
612,Matthew Jones,user613@gmail.com,,,"['history', 'fashion', 'comedy']",Female,Los Angeles,uno,,False,,,Middle Eastern,1,"['Water Sports', 'Individual Sports']",['Open-Minded'],Student,158
613,Taylor Brown,user614@gmail.com,,,"['crafts_diy', 'nature', 'podcasts', 'cars_motorcycles', 'politics']",Male,Austin,group,,False,,,Black,3,"['Team Sports', 'Individual Sports']","['Spontaneous', 'Chill']",Environmental,156
614,Plower Lota,user615@gmail.com,,,"['board_games', 'movies_tv', 'languages', 'comedy']",Non-Binary,New York,uno,,False,,,Hispanic,5,"['Strength Training', 'Creative']","['Thoughtful', 'Independent']",Sales,172
615,Aiden Patel,user616@gmail.com,,,"['cars_motorcycles', 'politics', 'crafts_diy', 'collecting', 'photography']",Male,Houston,uno,,False,,,Hispanic,3,"['Water Sports', 'Strength Training', 'Dance']","['Spontaneous', 'Realistic', 'Organized']",Office/Admin,194
616,Casey Patel,user617@gmail.com,,,"['politics', 'animals']",Male,Chicago,uno,,False,,,Middle Eastern,2,"['Mind-Body', 'Strength Training', 'Outdoor']",['Creative'],Creative,165
617,Ball Smith,user618@gmail.com,,,"['crafts_diy', 'photography']",Male,Phoenix,uno,,False,,,Mixed,1,"['Video Games', 'Creative', 'Individual Sports', 'Mind-Body']","['Calm', 'Creative']",Legal Work,171
618,Jordan Temp,user619@gmail.com,,,"['movies_tv', 'photography', 'animals']",Female,Phoenix,duo,,False,,,Hispanic,4,['Video Games'],['Realistic'],Student,184
619,Aiden Williams,user620@gmail.com,,,"['history', 'politics', 'languages', 'gaming']",Male,Houston,group,,False,,,Hispanic,1,"['Video Games', 'Individual Sports']","['Curious', 'Calm']",Media,179
620,Stephen Davis,user621@gmail.com,,,"['fashion', 'entrepreneurship', 'gaming', 'movies_tv', 'volunteering']",Female,New York,uno,,False,,,White,5,"['Video Games', 'Creative']","['Spontaneous', 'Loyal', 'Independent']",Student,181
621,George Wilson,user622@gmail.com,,,"['photography', 'board_games', 'spirituality', 'crafts_diy']",Male,Phoenix,uno,,False,,,Black,4,"['Water Sports', 'Strength Training']","['Curious', 'Realistic', 'Driven']",Student,184
622,Casey Gote,user623@gmail.com,,,"['history', 'photography', 'volunteering', 'movies_tv', 'collecting']",Male,Los Angeles,uno,,False,,,White,4,"['Individual Sports', 'Team Sports', 'Video Games']","['Funny', 'Calm', 'Cautious']",Research,182
623,Riley Davis,user624@gmail.com,,,"['board_games', 'history', 'comedy', 'photography']",Female,Phoenix,duo,,False,,,Asian,4,['Individual Sports'],"['Spontaneous', 'Loyal']",Media,156
624,Paul Patel,user625@gmail.com,,,"['history', 'comedy', 'fashion', 'nature', 'languages']",Female,Los Angeles,duo,,False,,,Mixed,2,['Creative'],"['Creative', 'Funny']",Student,166
625,Reese Wilson,user626@gmail.com,,,"['photography', 'volunteering', 'collecting']",Female,Austin,uno,,False,,,Middle Eastern,5,['Strength Training'],['Creative'],Legal Work,160
626,Lonzo Brown,user627@gmail.com,,,"['collecting', 'nature', 'cars_motorcycles']",Male,New York,uno,,False,,,Middle Eastern,3,"['Individual Sports', 'Outdoor']","['Analytical', 'Spontaneous', 'Playful']",Client Relation/Support,183
627,Jordan Patel,user628@gmail.com,,,"['cars_motorcycles', 'photography']",Female,Phoenix,duo,,False,,,White,3,"['Team Sports', 'Outdoor']",['Calm'],Client Relation/Support,163
628,Liangelo Williams,user629@gmail.com,,,"['fashion', 'entrepreneurship', 'volunteering']",Female,Los Angeles,group,,False,,,Hispanic,5,['Outdoor'],['Open-Minded'],Student,184
629,Lamelo Williams,user630@gmail.com,,,"['photography', 'spirituality']",Male,Los Angeles,duo,,False,,,Hispanic,1,['Water Sports'],['Driven'],Student,180
630,LeBron Gote,user631@gmail.com,,,"['board_games', 'podcasts', 'politics']",Female,Phoenix,uno,,False,,,Asian,3,['Dance'],"['Open-Minded', 'Empathetic', 'Chill']",Student,155
631,LeBron Gote,user632@gmail.com,,,"['gaming', 'collecting']",Male,Los Angeles,duo,,False,,,Middle Eastern,5,['Dance'],"['Curious', 'Playful', 'Open-Minded']",Legal Work,153
632,Ball Davis,user633@gmail.com,,,"['photography', 'animals']",Male,Chicago,group,,False,,,White,2,['Video Games'],"['Romantic', 'Cautious']",Office/Admin,164
633,Paul Davis,user634@gmail.com,,,"['comedy', 'spirituality', 'movies_tv', 'board_games', 'gaming']",Female,San Diego,uno,,False,,,Middle Eastern,2,"['Strength Training', 'Outdoor', 'Individual Sports']","['Loyal', 'Curious']",Sales,185
634,Lamelo Gote,user635@gmail.com,,,"['languages', 'entrepreneurship', 'photography', 'politics', 'spirituality']",Non-Binary,San Francisco,uno,,False,,,Mixed,1,['Strength Training'],"['Funny', 'Cautious', 'Driven']",Media,157
635,Morgan Gote,user636@gmail.com,,,"['animals', 'fashion']",Non-Binary,Chicago,duo,,False,,,Black,1,"['Team Sports', 'Individual Sports', 'Outdoor']","['Independent', 'Empathetic']",Legal Work,179
636,Plower Smith,user637@gmail.com,,,"['comedy', 'fashion']",Female,Austin,uno,,False,,,Asian,5,"['Dance', 'Strength Training', 'Individual Sports', 'Outdoor']","['Curious', 'Funny']",HR,172
637,Ball Temp,user638@gmail.com,,,"['politics', 'crafts_diy', 'entrepreneurship', 'nature']",Non-Binary,Chicago,uno,,False,,,White,3,"['Creative', 'Individual Sports', 'Team Sports', 'Indoor Activites']",['Playful'],Student,198
638,Curry Johnson,user639@gmail.com,,,"['languages', 'photography', 'collecting']",Non-Binary,Phoenix,uno,,False,,,Middle Eastern,5,"['Strength Training', 'Video Games', 'Creative']","['Adventurous', 'Chill']",Environmental,172
639,Taylor Wilson,user640@gmail.com,,,"['nature', 'podcasts', 'movies_tv']",Female,New York,uno,,False,,,Asian,4,"['Strength Training', 'Water Sports', 'Mind-Body']",['Adventurous'],Education,198
640,Jordan Kavuri,user641@gmail.com,,,"['politics', 'comedy', 'fashion']",Non-Binary,Chicago,duo,,False,,,White,4,"['Water Sports', 'Individual Sports']",['Organized'],Student,168
641,Paul Brown,user642@gmail.com,,,"['cars_motorcycles', 'writing']",Male,San Diego,duo,,False,,,Mixed,4,['Creative'],['Creative'],Student,171
642,Alex Davis,user643@gmail.com,,,"['science', 'movies_tv']",Male,New York,uno,,False,,,Mixed,4,"['Individual Sports', 'Outdoor', 'Team Sports']","['Curious', 'Open-Minded', 'Organized']",Media,177
643,Plower Miller,user644@gmail.com,,,"['board_games', 'history', 'collecting']",Female,Phoenix,group,,False,,,Black,4,"['Individual Sports', 'Team Sports', 'Indoor Activites', 'Mind-Body']",['Organized'],Sales,163
644,Morgan Miller,user645@gmail.com,,,"['board_games', 'nature', 'languages', 'entrepreneurship', 'collecting']",Female,Phoenix,duo,,False,,,Mixed,2,['Water Sports'],"['Adventurous', 'Empathetic', 'Open-Minded']",Media,194
645,Taylor Brown,user646@gmail.com,,,"['writing', 'science', 'comedy', 'podcasts']",Non-Binary,Chicago,group,,False,,,Hispanic,3,['Individual Sports'],['Realistic'],Environmental,181
646,Matthew Smith,user647@gmail.com,,,"['photography', 'crafts_diy']",Female,Chicago,duo,,False,,,Black,2,"['Dance', 'Indoor Activites']",['Empathetic'],Legal Work,180
647,Riley Williams,user648@gmail.com,,,"['photography', 'spirituality']",Non-Binary,Chicago,duo,,False,,,White,1,"['Video Games', 'Creative', 'Team Sports']","['Playful', 'Cautious', 'Optimistic']",Student,177
648,Jamie Lota,user649@gmail.com,,,"['photography', 'podcasts', 'gaming']",Female,Phoenix,uno,,False,,,Middle Eastern,3,['Outdoor'],"['Thoughtful', 'Adventurous']",Student,175
649,Morgan Wilson,user650@gmail.com,,,"['board_games', 'animals', 'volunteering', 'crafts_diy', 'languages']",Male,Houston,group,,False,,,Asian,2,['Mind-Body'],"['Playful', 'Chill']",Creative,190
650,Aiden Patel,user651@gmail.com,,,"['history', 'animals', 'volunteering']",Female,Chicago,group,,False,,,Other,3,['Strength Training'],"['Open-Minded', 'Organized']",Legal Work,190
651,Reese Williams,user652@gmail.com,,,"['collecting', 'science']",Female,San Francisco,duo,,False,,,Asian,5,['Dance'],['Playful'],Production,156
652,Alex Williams,user653@gmail.com,,,"['nature', 'fashion', 'history']",Non-Binary,Los Angeles,uno,,False,,,White,5,"['Outdoor', 'Creative', 'Individual Sports']","['Optimistic', 'Driven', 'Creative']",Student,197
653,George Lota,user654@gmail.com,,,"['spirituality', 'writing', 'photography']",Female,Los Angeles,group,,False,,,Middle Eastern,4,"['Creative', 'Water Sports', 'Strength Training']","['Chill', 'Optimistic']",Student,152
654,Reese Miller,user655@gmail.com,,,"['animals', 'photography', 'movies_tv', 'podcasts']",Male,Los Angeles,uno,,False,,,Black,2,"['Team Sports', 'Strength Training']","['Independent', 'Chill', 'Analytical']",Student,172
655,Riley Johnson,user656@gmail.com,,,"['languages', 'photography', 'podcasts']",Non-Binary,New York,duo,,False,,,Middle Eastern,5,"['Water Sports', 'Indoor Activites']","['Cautious', 'Funny']",Client Relation/Support,163
656,Paul Kavuri,user657@gmail.com,,,"['history', 'writing']",Non-Binary,San Francisco,uno,,False,,,Black,3,"['Strength Training', 'Team Sports']","['Playful', 'Adventurous']",Healthcare,194
657,Matthew Lota,user658@gmail.com,,,"['gaming', 'comedy', 'podcasts', 'movies_tv']",Female,San Francisco,duo,,False,,,White,2,"['Team Sports', 'Indoor Activites', 'Creative']",['Playful'],HR,184
658,Matthew Lota,user659@gmail.com,,,"['gaming', 'spirituality']",Male,Austin,uno,,False,,,Other,2,"['Video Games', 'Team Sports', 'Creative', 'Dance']",['Thoughtful'],Media,178
659,Lonzo Kavuri,user660@gmail.com,,,"['comedy', 'board_games', 'writing']",Male,Austin,group,,False,,,Asian,3,['Strength Training'],"['Funny', 'Playful']",Technology,180
660,Taylor Jones,user661@gmail.com,,,"['collecting', 'movies_tv', 'history', 'entrepreneurship']",Female,Phoenix,duo,,False,,,Hispanic,4,['Individual Sports'],"['Curious', 'Creative']",Education,176
661,Reese Johnson,user662@gmail.com,,,"['animals', 'podcasts', 'movies_tv', 'science']",Male,Austin,uno,,False,,,Black,5,['Creative'],"['Driven', 'Organized']",Student,179
662,Riley Miller,user663@gmail.com,,,"['nature', 'crafts_diy']",Male,Houston,uno,,False,,,White,5,"['Outdoor', 'Water Sports', 'Strength Training']","['Playful', 'Calm', 'Funny']",Legal Work,176
663,Stephen Lota,user664@gmail.com,,,"['crafts_diy', 'languages']",Male,Austin,duo,,False,,,Other,3,"['Water Sports', 'Video Games', 'Dance']","['Driven', 'Open-Minded']",Maintenance,150
664,Jamie Jones,user665@gmail.com,,,"['cars_motorcycles', 'spirituality', 'podcasts', 'board_games', 'photography']",Male,Chicago,group,,False,,,White,2,"['Creative', 'Dance']","['Adventurous', 'Optimistic', 'Loyal']",Production,167
665,Ball Miller,user666@gmail.com,,,"['nature', 'volunteering', 'board_games', 'podcasts', 'history']",Male,Los Angeles,duo,,False,,,White,3,"['Creative', 'Individual Sports']","['Thoughtful', 'Realistic', 'Organized']",Student,159
666,Aiden Wilson,user667@gmail.com,,,"['spirituality', 'board_games', 'photography', 'gaming']",Male,San Diego,uno,,False,,,White,2,"['Video Games', 'Team Sports', 'Strength Training']","['Analytical', 'Thoughtful', 'Romantic']",Student,176
667,Matthew Brown,user668@gmail.com,,,"['nature', 'animals', 'comedy', 'languages', 'entrepreneurship']",Male,New York,uno,,False,,,Hispanic,1,"['Mind-Body', 'Water Sports']","['Organized', 'Independent', 'Thoughtful']",Retired,155
668,Casey Williams,user669@gmail.com,,,"['collecting', 'photography']",Male,San Diego,uno,,False,,,Black,1,"['Mind-Body', 'Dance', 'Outdoor']","['Playful', 'Realistic']",Student,164
669,George Lota,user670@gmail.com,,,"['volunteering', 'cars_motorcycles']",Male,Austin,duo,,False,,,Middle Eastern,4,"['Team Sports', 'Dance', 'Strength Training']","['Driven', 'Realistic', 'Open-Minded']",Legal Work,176
670,Alex Smith,user671@gmail.com,,,"['spirituality', 'fashion', 'volunteering', 'politics', 'nature']",Male,Chicago,duo,,False,,,Hispanic,1,"['Dance', 'Video Games', 'Indoor Activites']","['Realistic', 'Romantic']",Student,153
671,Lamelo Williams,user672@gmail.com,,,"['animals', 'spirituality', 'comedy']",Male,Chicago,duo,,False,,,Other,4,"['Outdoor', 'Dance', 'Strength Training']","['Chill', 'Loyal', 'Organized']",Student,154
672,Avery Williams,user673@gmail.com,,,"['science', 'history', 'languages']",Male,New York,duo,,False,,,Other,2,"['Mind-Body', 'Team Sports']","['Optimistic', 'Playful']",Sales,163
673,Paul Brown,user674@gmail.com,,,"['photography', 'volunteering', 'politics', 'gaming']",Male,New York,duo,,False,,,Middle Eastern,1,"['Team Sports', 'Dance', 'Indoor Activites']","['Open-Minded', 'Driven', 'Romantic']",Student,156
674,Ball Williams,user675@gmail.com,,,"['movies_tv', 'science', 'entrepreneurship']",Non-Binary,Los Angeles,uno,,False,,,Asian,5,"['Outdoor', 'Mind-Body']","['Creative', 'Empathetic']",Maintenance,185
675,Matthew Davis,user676@gmail.com,,,"['animals', 'board_games', 'politics']",Non-Binary,New York,uno,,False,,,Middle Eastern,5,['Dance'],"['Curious', 'Playful']",Student,197
676,Plower Brown,user677@gmail.com,,,"['languages', 'collecting', 'spirituality']",Non-Binary,Chicago,uno,,False,,,Hispanic,1,"['Strength Training', 'Creative', 'Water Sports']","['Creative', 'Thoughtful']",Healthcare,158
677,Matthew Jones,user678@gmail.com,,,"['gaming', 'languages']",Male,Phoenix,group,,False,,,Middle Eastern,3,"['Video Games', 'Dance', 'Outdoor', 'Team Sports']","['Spontaneous', 'Adventurous', 'Organized']",HR,173
678,Matthew Wilson,user679@gmail.com,,,"['volunteering', 'history', 'gaming']",Male,Houston,group,,False,,,Other,4,"['Individual Sports', 'Strength Training']","['Playful', 'Analytical', 'Creative']",Creative,172
679,Avery Lota,user680@gmail.com,,,"['entrepreneurship', 'languages', 'history', 'gaming', 'comedy']",Female,Phoenix,uno,,False,,,Asian,4,"['Water Sports', 'Creative', 'Outdoor']",['Romantic'],Retired,171
680,Jordan Jones,user681@gmail.com,,,"['photography', 'gaming', 'comedy', 'collecting']",Female,San Diego,uno,,False,,,Other,4,['Individual Sports'],['Curious'],Student,184
681,Riley Davis,user682@gmail.com,,,"['languages', 'cars_motorcycles']",Male,Austin,uno,,False,,,Mixed,1,"['Dance', 'Water Sports', 'Strength Training']","['Calm', 'Curious']",Technology,179
682,Morgan Johnson,user683@gmail.com,,,"['animals', 'history', 'photography']",Male,San Diego,uno,,False,,,Asian,1,['Strength Training'],['Thoughtful'],Student,190
683,Jordan Patel,user684@gmail.com,,,"['science', 'spirituality', 'photography']",Non-Binary,Chicago,uno,,False,,,Black,4,['Strength Training'],"['Analytical', 'Calm']",Media,174
684,Avery Temp,user685@gmail.com,,,"['entrepreneurship', 'science', 'fashion']",Female,New York,uno,,False,,,Hispanic,2,"['Strength Training', 'Outdoor', 'Mind-Body', 'Individual Sports']",['Playful'],Client Relation/Support,158
685,Avery Williams,user686@gmail.com,,,"['collecting', 'writing', 'volunteering']",Male,Chicago,uno,,False,,,White,3,"['Strength Training', 'Indoor Activites']","['Creative', 'Cautious', 'Organized']",Student,150
686,Liangelo Johnson,user687@gmail.com,,,"['writing', 'entrepreneurship', 'cars_motorcycles']",Non-Binary,San Francisco,uno,,False,,,Black,1,"['Dance', 'Creative', 'Outdoor']",['Independent'],Technology,174
687,Reese Temp,user688@gmail.com,,,"['animals', 'podcasts']",Female,Houston,duo,,False,,,White,2,"['Outdoor', 'Individual Sports']",['Playful'],Student,169
688,Ball Lota,user689@gmail.com,,,"['animals', 'comedy', 'photography', 'nature', 'board_games']",Male,Austin,duo,,False,,,Mixed,5,"['Dance', 'Water Sports']","['Analytical', 'Curious', 'Spontaneous']",Student,188
689,Liangelo Kavuri,user690@gmail.com,,,"['nature', 'volunteering', 'cars_motorcycles', 'entrepreneurship']",Male,Houston,uno,,False,,,Mixed,2,"['Strength Training', 'Mind-Body', 'Individual Sports', 'Dance']","['Curious', 'Independent']",Environmental,200
690,Ball Patel,user691@gmail.com,,,"['crafts_diy', 'volunteering']",Male,Los Angeles,uno,,False,,,Asian,3,['Strength Training'],['Chill'],Media,180
691,LeBron Davis,user692@gmail.com,,,"['science', 'photography', 'politics', 'crafts_diy']",Female,Austin,uno,,False,,,Black,2,"['Mind-Body', 'Individual Sports']",['Empathetic'],Student,197
692,Casey Temp,user693@gmail.com,,,"['volunteering', 'languages', 'photography']",Non-Binary,Houston,group,,False,,,White,4,"['Water Sports', 'Mind-Body']","['Driven', 'Analytical', 'Calm']",HR,198
693,Jamie Miller,user694@gmail.com,,,"['spirituality', 'photography', 'board_games']",Male,Phoenix,uno,,False,,,Hispanic,2,"['Video Games', 'Strength Training', 'Dance']",['Open-Minded'],Student,158
694,LeBron Brown,user695@gmail.com,,,"['gaming', 'history']",Female,Los Angeles,uno,,False,,,White,5,"['Dance', 'Mind-Body', 'Team Sports', 'Outdoor']","['Funny', 'Playful', 'Loyal']",Student,167
695,Curry Smith,user696@gmail.com,,,"['collecting', 'crafts_diy', 'fashion', 'board_games', 'history']",Male,San Diego,uno,,False,,,Hispanic,2,"['Team Sports', 'Strength Training']","['Realistic', 'Driven']",Student,186
696,Avery Jones,user697@gmail.com,,,"['languages', 'volunteering']",Non-Binary,Chicago,uno,,False,,,Hispanic,5,"['Mind-Body', 'Team Sports']","['Cautious', 'Thoughtful']",Creative,199
697,Taylor Kavuri,user698@gmail.com,,,"['crafts_diy', 'movies_tv', 'gaming', 'podcasts', 'science']",Male,Phoenix,duo,,False,,,Mixed,5,['Dance'],"['Creative', 'Cautious']",Office/Admin,181
698,Taylor Temp,user699@gmail.com,,,"['podcasts', 'nature', 'photography', 'politics']",Non-Binary,New York,uno,,False,,,White,4,"['Creative', 'Water Sports']","['Curious', 'Independent', 'Empathetic']",Research,195
699,Avery Gote,user700@gmail.com,,,"['languages', 'politics', 'volunteering']",Female,New York,duo,,False,,,Other,3,"['Water Sports', 'Video Games', 'Dance']","['Adventurous', 'Organized', 'Driven']",Client Relation/Support,181
700,Jamie Johnson,user701@gmail.com,,,"['nature', 'fashion', 'photography', 'spirituality', 'languages']",Female,New York,duo,,False,,,Mixed,2,"['Outdoor', 'Indoor Activites']","['Cautious', 'Analytical', 'Chill']",Student,191
701,Taylor Patel,user702@gmail.com,,,"['animals', 'cars_motorcycles', 'entrepreneurship', 'fashion']",Male,Chicago,group,,False,,,Other,1,"['Water Sports', 'Dance']","['Organized', 'Independent', 'Empathetic']",Student,192
702,Paul Williams,user703@gmail.com,,,"['science', 'entrepreneurship', 'board_games']",Male,Austin,duo,,False,,,Asian,2,"['Team Sports', 'Strength Training', 'Outdoor', 'Water Sports']","['Independent', 'Chill', 'Spontaneous']",HR,171
703,LeBron Wilson,user704@gmail.com,,,"['entrepreneurship', 'photography', 'board_games']",Non-Binary,New York,duo,,False,,,Black,1,"['Dance', 'Team Sports']","['Open-Minded', 'Playful']",Technology,159
704,Taylor Patel,user705@gmail.com,,,"['writing', 'volunteering', 'cars_motorcycles', 'entrepreneurship']",Female,Phoenix,group,,False,,,Middle Eastern,2,"['Indoor Activites', 'Outdoor', 'Video Games']","['Spontaneous', 'Curious']",Office/Admin,167
705,Lonzo Miller,user706@gmail.com,,,"['cars_motorcycles', 'gaming', 'history', 'writing', 'crafts_diy']",Female,Austin,group,,False,,,Middle Eastern,4,"['Indoor Activites', 'Strength Training']","['Thoughtful', 'Independent', 'Organized']",Research,164
706,Skylar Kavuri,user707@gmail.com,,,"['writing', 'nature', 'cars_motorcycles', 'politics']",Female,Austin,uno,,False,,,Black,5,"['Creative', 'Video Games', 'Strength Training']",['Independent'],Creative,157
707,Riley Wilson,user708@gmail.com,,,"['entrepreneurship', 'history', 'politics', 'movies_tv', 'cars_motorcycles']",Non-Binary,Phoenix,group,,False,,,Hispanic,2,['Individual Sports'],['Loyal'],Client Relation/Support,195
708,Riley Jones,user709@gmail.com,,,"['comedy', 'writing']",Male,Los Angeles,uno,,False,,,Other,1,"['Mind-Body', 'Team Sports']",['Romantic'],Student,192
709,Reese Brown,user710@gmail.com,,,"['spirituality', 'languages', 'board_games', 'comedy', 'writing']",Non-Binary,San Francisco,group,,False,,,Asian,1,['Indoor Activites'],"['Romantic', 'Playful']",Student,197
710,Morgan Lota,user711@gmail.com,,,"['history', 'gaming', 'photography', 'nature']",Female,New York,uno,,False,,,Middle Eastern,3,['Team Sports'],"['Spontaneous', 'Organized', 'Funny']",Student,160
711,Casey Smith,user712@gmail.com,,,"['volunteering', 'animals', 'collecting', 'cars_motorcycles', 'writing']",Male,Austin,duo,,False,,,Hispanic,2,"['Individual Sports', 'Outdoor', 'Mind-Body']","['Organized', 'Funny']",Student,176
712,Plower Wilson,user713@gmail.com,,,"['podcasts', 'cars_motorcycles', 'languages', 'gaming']",Non-Binary,Houston,duo,,False,,,White,1,"['Mind-Body', 'Video Games', 'Team Sports', 'Individual Sports']","['Organized', 'Driven', 'Empathetic']",Healthcare,166
713,Lonzo Gote,user714@gmail.com,,,"['languages', 'spirituality']",Male,San Diego,group,,False,,,Hispanic,3,"['Individual Sports', 'Water Sports', 'Indoor Activites', 'Creative']","['Empathetic', 'Creative']",Healthcare,153
714,LeBron Wilson,user715@gmail.com,,,"['history', 'animals', 'spirituality']",Non-Binary,Los Angeles,uno,,False,,,Hispanic,4,"['Water Sports', 'Individual Sports']","['Creative', 'Playful', 'Curious']",Student,173
715,Stephen Gote,user716@gmail.com,,,"['writing', 'volunteering', 'science', 'nature']",Female,Austin,uno,,False,,,Hispanic,4,"['Individual Sports', 'Video Games', 'Water Sports', 'Strength Training']",['Optimistic'],Student,179
716,Stephen Gote,user717@gmail.com,,,"['podcasts', 'languages', 'cars_motorcycles']",Male,Houston,uno,,False,,,Mixed,4,"['Strength Training', 'Individual Sports']",['Creative'],Creative,169
717,Avery Miller,user718@gmail.com,,,"['volunteering', 'comedy', 'gaming']",Non-Binary,San Diego,group,,False,,,Asian,3,"['Mind-Body', 'Outdoor']",['Calm'],Sales,169
718,Riley Kavuri,user719@gmail.com,,,"['movies_tv', 'writing']",Male,Austin,group,,False,,,White,2,"['Indoor Activites', 'Mind-Body']",['Analytical'],Student,162
719,Morgan Williams,user720@gmail.com,,,"['comedy', 'crafts_diy']",Male,Chicago,duo,,False,,,Mixed,4,"['Strength Training', 'Dance', 'Individual Sports', 'Outdoor']","['Curious', 'Thoughtful', 'Driven']",Maintenance,155
720,Lamelo Patel,user721@gmail.com,,,"['writing', 'cars_motorcycles']",Female,Phoenix,duo,,False,,,White,2,"['Indoor Activites', 'Water Sports', 'Outdoor', 'Team Sports']","['Thoughtful', 'Funny']",Student,161
721,Skylar Miller,user722@gmail.com,,,"['fashion', 'photography']",Male,San Francisco,uno,,False,,,Black,3,"['Strength Training', 'Indoor Activites', 'Outdoor', 'Dance']","['Romantic', 'Creative']",Student,155
722,Avery Wilson,user723@gmail.com,,,"['photography', 'fashion', 'history']",Non-Binary,Chicago,uno,,False,,,Asian,2,"['Creative', 'Strength Training', 'Individual Sports']",['Open-Minded'],Creative,168
723,Riley Davis,user724@gmail.com,,,"['languages', 'collecting', 'nature']",Male,New York,duo,,False,,,Black,2,"['Dance', 'Team Sports', 'Water Sports', 'Strength Training']",['Optimistic'],Student,197
724,George Williams,user725@gmail.com,,,"['board_games', 'spirituality']",Female,San Francisco,uno,,False,,,Black,5,"['Water Sports', 'Individual Sports', 'Indoor Activites', 'Strength Training']",['Thoughtful'],Sales,196
725,Lonzo Davis,user726@gmail.com,,,"['cars_motorcycles', 'comedy', 'crafts_diy', 'nature', 'entrepreneurship']",Non-Binary,San Francisco,uno,,False,,,Mixed,4,"['Outdoor', 'Team Sports', 'Indoor Activites', 'Water Sports']","['Calm', 'Empathetic']",Student,168
726,Morgan Patel,user727@gmail.com,,,"['photography', 'cars_motorcycles', 'spirituality', 'collecting', 'science']",Male,Chicago,duo,,False,,,Asian,3,"['Dance', 'Outdoor', 'Creative']","['Empathetic', 'Cautious', 'Romantic']",Healthcare,200
727,Reese Gote,user728@gmail.com,,,"['collecting', 'writing']",Female,San Francisco,duo,,False,,,White,5,"['Water Sports', 'Individual Sports', 'Strength Training', 'Team Sports']","['Loyal', 'Romantic', 'Open-Minded']",Media,172
728,Paul Miller,user729@gmail.com,,,"['politics', 'cars_motorcycles']",Female,San Diego,uno,,False,,,Hispanic,4,"['Mind-Body', 'Strength Training', 'Indoor Activites', 'Water Sports']","['Thoughtful', 'Loyal', 'Calm']",Healthcare,185
729,George Johnson,user730@gmail.com,,,"['history', 'entrepreneurship', 'movies_tv']",Non-Binary,Austin,uno,,False,,,Middle Eastern,3,"['Outdoor', 'Creative']",['Thoughtful'],Maintenance,157
730,Matthew Miller,user731@gmail.com,,,"['languages', 'volunteering', 'fashion', 'crafts_diy']",Male,Chicago,group,,False,,,Black,2,"['Dance', 'Strength Training', 'Mind-Body']","['Analytical', 'Calm', 'Romantic']",Student,191
731,Jordan Lota,user732@gmail.com,,,"['nature', 'comedy', 'languages']",Non-Binary,Chicago,uno,,False,,,Mixed,1,['Video Games'],"['Open-Minded', 'Thoughtful']",Education,153
732,LeBron Johnson,user733@gmail.com,,,"['science', 'collecting', 'gaming', 'photography']",Female,New York,uno,,False,,,Mixed,4,"['Creative', 'Water Sports', 'Outdoor']","['Optimistic', 'Loyal']",Maintenance,183
733,Riley Smith,user734@gmail.com,,,"['spirituality', 'volunteering']",Non-Binary,Los Angeles,uno,,False,,,Other,1,"['Team Sports', 'Individual Sports', 'Video Games']","['Adventurous', 'Analytical']",Student,178
734,Jordan Smith,user735@gmail.com,,,"['nature', 'comedy', 'podcasts', 'photography', 'science']",Non-Binary,New York,duo,,False,,,Asian,4,"['Indoor Activites', 'Outdoor', 'Creative']","['Open-Minded', 'Analytical']",Student,162
735,Lamelo Kavuri,user736@gmail.com,,,"['volunteering', 'nature']",Female,Houston,uno,,False,,,Other,3,"['Indoor Activites', 'Video Games', 'Outdoor']","['Cautious', 'Chill']",Environmental,200
736,Lamelo Jones,user737@gmail.com,,,"['board_games', 'entrepreneurship', 'history']",Female,Los Angeles,group,,False,,,Black,2,"['Water Sports', 'Individual Sports', 'Creative', 'Outdoor']",['Organized'],Maintenance,154
737,Curry Patel,user738@gmail.com,,,"['volunteering', 'animals', 'movies_tv']",Non-Binary,Austin,uno,,False,,,Hispanic,2,"['Dance', 'Team Sports']","['Spontaneous', 'Calm', 'Open-Minded']",Client Relation/Support,180
738,Plower Patel,user739@gmail.com,,,"['politics', 'history', 'crafts_diy']",Male,Austin,uno,,False,,,Other,3,"['Indoor Activites', 'Dance']","['Organized', 'Curious']",Student,198
739,Alex Kavuri,user740@gmail.com,,,"['animals', 'gaming', 'cars_motorcycles', 'fashion', 'writing']",Female,Chicago,group,,False,,,Middle Eastern,1,"['Dance', 'Creative', 'Team Sports', 'Water Sports']",['Chill'],Student,155
740,Alex Miller,user741@gmail.com,,,"['entrepreneurship', 'gaming', 'spirituality']",Female,Chicago,group,,False,,,Mixed,4,"['Team Sports', 'Individual Sports', 'Creative', 'Mind-Body']",['Creative'],Research,194
741,Taylor Johnson,user742@gmail.com,,,"['volunteering', 'cars_motorcycles']",Female,New York,uno,,False,,,Middle Eastern,4,"['Creative', 'Outdoor', 'Dance']","['Playful', 'Cautious']",Healthcare,175
742,Plower Lota,user743@gmail.com,,,"['spirituality', 'movies_tv', 'gaming', 'writing']",Female,New York,group,,False,,,Black,4,"['Outdoor', 'Mind-Body']","['Adventurous', 'Realistic', 'Thoughtful']",Research,193
743,Curry Lota,user744@gmail.com,,,"['writing', 'podcasts', 'movies_tv', 'science', 'animals']",Female,Houston,duo,,False,,,Middle Eastern,1,['Team Sports'],['Spontaneous'],Technology,183
744,Alex Gote,user745@gmail.com,,,"['movies_tv', 'languages', 'animals', 'crafts_diy']",Male,Houston,uno,,False,,,Middle Eastern,3,"['Indoor Activites', 'Individual Sports', 'Team Sports', 'Strength Training']",['Creative'],Media,156
745,LeBron Patel,user746@gmail.com,,,"['politics', 'entrepreneurship', 'fashion']",Non-Binary,Houston,group,,False,,,Black,5,"['Individual Sports', 'Mind-Body', 'Dance']","['Chill', 'Romantic']",Media,193
746,Liangelo Lota,user747@gmail.com,,,"['writing', 'crafts_diy']",Female,New York,uno,,False,,,Black,4,"['Water Sports', 'Strength Training']","['Loyal', 'Realistic', 'Empathetic']",Creative,160
747,Skylar Gote,user748@gmail.com,,,"['cars_motorcycles', 'nature', 'spirituality', 'entrepreneurship', 'languages']",Male,New York,uno,,False,,,Middle Eastern,2,['Dance'],['Cautious'],Student,179
748,Ball Temp,user749@gmail.com,,,"['movies_tv', 'science', 'cars_motorcycles', 'gaming']",Male,San Diego,duo,,False,,,Asian,1,"['Water Sports', 'Creative', 'Video Games']",['Analytical'],Production,195
749,Avery Smith,user750@gmail.com,,,"['board_games', 'nature', 'comedy']",Female,Los Angeles,duo,,False,,,Other,1,"['Indoor Activites', 'Outdoor', 'Video Games']","['Calm', 'Analytical', 'Realistic']",Healthcare,172
750,Riley Miller,user751@gmail.com,,,"['spirituality', 'cars_motorcycles', 'volunteering', 'podcasts', 'movies_tv']",Male,San Francisco,uno,,False,,,Black,3,"['Dance', 'Individual Sports', 'Indoor Activites']","['Creative', 'Playful', 'Analytical']",Environmental,168
751,Ball Wilson,user752@gmail.com,,,"['crafts_diy', 'fashion']",Female,Austin,uno,,False,,,Hispanic,4,"['Team Sports', 'Individual Sports', 'Strength Training']","['Open-Minded', 'Playful', 'Analytical']",Student,185
752,George Smith,user753@gmail.com,,,"['board_games', 'crafts_diy']",Male,San Francisco,group,,False,,,Asian,2,"['Indoor Activites', 'Video Games']",['Chill'],Sales,199
753,Aiden Jones,user754@gmail.com,,,"['languages', 'writing', 'podcasts', 'collecting', 'volunteering']",Female,San Diego,duo,,False,,,Middle Eastern,5,"['Dance', 'Water Sports', 'Strength Training', 'Individual Sports']",['Thoughtful'],Technology,189
754,Skylar Jones,user755@gmail.com,,,"['volunteering', 'history', 'animals']",Male,New York,duo,,False,,,Hispanic,1,"['Water Sports', 'Strength Training']","['Realistic', 'Calm']",Student,199
755,Liangelo Jones,user756@gmail.com,,,"['volunteering', 'cars_motorcycles', 'languages', 'photography']",Male,New York,uno,,False,,,Black,1,"['Mind-Body', 'Indoor Activites']",['Independent'],Legal Work,188
756,Matthew Johnson,user757@gmail.com,,,"['podcasts', 'board_games', 'history', 'fashion']",Female,San Francisco,group,,False,,,Hispanic,3,"['Video Games', 'Water Sports', 'Strength Training']","['Adventurous', 'Open-Minded']",Student,199
757,LeBron Lota,user758@gmail.com,,,"['crafts_diy', 'photography']",Male,New York,uno,,False,,,Mixed,1,['Creative'],['Realistic'],HR,185
758,Matthew Temp,user759@gmail.com,,,"['podcasts', 'gaming', 'entrepreneurship', 'spirituality', 'movies_tv']",Male,Austin,uno,,False,,,Other,2,"['Video Games', 'Individual Sports']",['Analytical'],Client Relation/Support,199
759,Jordan Kavuri,user760@gmail.com,,,"['writing', 'entrepreneurship', 'languages', 'comedy']",Non-Binary,San Diego,uno,,False,,,Hispanic,4,"['Individual Sports', 'Video Games', 'Creative', 'Water Sports']","['Empathetic', 'Funny', 'Spontaneous']",Sales,182
760,Plower Davis,user761@gmail.com,,,"['politics', 'comedy', 'cars_motorcycles', 'writing']",Female,Chicago,duo,,False,,,Asian,5,"['Indoor Activites', 'Water Sports']",['Empathetic'],Student,189
761,Curry Gote,user762@gmail.com,,,"['science', 'cars_motorcycles', 'volunteering']",Female,San Francisco,group,,False,,,Mixed,5,"['Team Sports', 'Dance']","['Spontaneous', 'Analytical', 'Empathetic']",HR,180
762,Lonzo Gote,user763@gmail.com,,,"['crafts_diy', 'languages']",Non-Binary,San Diego,uno,,False,,,Black,4,['Indoor Activites'],"['Adventurous', 'Calm', 'Organized']",Student,169
763,Ball Lota,user764@gmail.com,,,"['writing', 'entrepreneurship', 'crafts_diy', 'history', 'gaming']",Female,Chicago,group,,False,,,White,5,['Strength Training'],['Organized'],Environmental,195
764,Riley Patel,user765@gmail.com,,,"['collecting', 'writing']",Male,Houston,group,,False,,,Other,1,"['Individual Sports', 'Indoor Activites']","['Open-Minded', 'Creative']",Student,150
765,Reese Jones,user766@gmail.com,,,"['writing', 'gaming', 'volunteering']",Male,Houston,group,,False,,,Hispanic,4,"['Creative', 'Dance']","['Independent', 'Curious']",Student,155
766,Ball Jones,user767@gmail.com,,,"['entrepreneurship', 'photography', 'politics', 'podcasts', 'animals']",Male,San Francisco,uno,,False,,,White,1,"['Creative', 'Team Sports', 'Mind-Body', 'Outdoor']",['Chill'],Legal Work,168
767,Lonzo Davis,user768@gmail.com,,,"['languages', 'movies_tv', 'gaming']",Male,San Diego,duo,,False,,,Hispanic,4,"['Creative', 'Team Sports', 'Strength Training', 'Video Games']",['Funny'],Office/Admin,168
768,Jamie Temp,user769@gmail.com,,,"['nature', 'spirituality', 'politics', 'movies_tv', 'writing']",Female,Phoenix,group,,False,,,White,1,"['Creative', 'Mind-Body']","['Adventurous', 'Loyal']",Research,189
769,Matthew Kavuri,user770@gmail.com,,,"['gaming', 'crafts_diy', 'fashion']",Male,Austin,uno,,False,,,Mixed,2,"['Creative', 'Indoor Activites']","['Calm', 'Open-Minded', 'Funny']",Production,155
770,Morgan Davis,user771@gmail.com,,,"['crafts_diy', 'languages']",Non-Binary,Houston,group,,False,,,Other,4,"['Indoor Activites', 'Strength Training', 'Dance']",['Empathetic'],Creative,160
771,George Miller,user772@gmail.com,,,"['history', 'photography', 'podcasts']",Female,Phoenix,duo,,False,,,Hispanic,4,"['Dance', 'Team Sports']","['Adventurous', 'Cautious']",Technology,150
772,Liangelo Davis,user773@gmail.com,,,"['languages', 'nature', 'volunteering', 'board_games']",Male,Phoenix,group,,False,,,Asian,3,"['Video Games', 'Indoor Activites', 'Outdoor', 'Mind-Body']",['Spontaneous'],Environmental,182
773,Taylor Patel,user774@gmail.com,,,"['animals', 'nature', 'writing']",Male,New York,duo,,False,,,White,1,"['Mind-Body', 'Team Sports', 'Video Games']","['Funny', 'Romantic', 'Analytical']",Creative,154
774,Jamie Davis,user775@gmail.com,,,"['comedy', 'volunteering', 'entrepreneurship', 'languages', 'photography']",Non-Binary,San Francisco,uno,,False,,,Hispanic,4,['Team Sports'],"['Spontaneous', 'Realistic']",Office/Admin,187
775,Lonzo Patel,user776@gmail.com,,,"['entrepreneurship', 'history']",Female,Houston,group,,False,,,Middle Eastern,5,"['Water Sports', 'Outdoor', 'Video Games', 'Individual Sports']","['Independent', 'Realistic', 'Calm']",Retired,163
776,Stephen Patel,user777@gmail.com,,,"['collecting', 'languages', 'animals', 'volunteering', 'board_games']",Male,New York,uno,,False,,,Mixed,4,['Individual Sports'],['Spontaneous'],Student,155
777,LeBron Brown,user778@gmail.com,,,"['spirituality', 'nature']",Male,New York,group,,False,,,White,3,['Creative'],"['Creative', 'Organized', 'Romantic']",Healthcare,154
778,Casey Brown,user779@gmail.com,,,"['politics', 'nature']",Male,Houston,uno,,False,,,White,4,['Dance'],"['Spontaneous', 'Driven', 'Loyal']",Healthcare,159
779,Plower Kavuri,user780@gmail.com,,,"['writing', 'fashion', 'board_games', 'spirituality']",Male,Houston,group,,False,,,Mixed,1,"['Video Games', 'Mind-Body', 'Outdoor', 'Team Sports']","['Loyal', 'Thoughtful']",Research,166
780,Casey Johnson,user781@gmail.com,,,"['politics', 'writing', 'science', 'podcasts']",Male,New York,duo,,False,,,Middle Eastern,2,"['Strength Training', 'Mind-Body']","['Funny', 'Curious']",Student,170
781,Liangelo Williams,user782@gmail.com,,,"['movies_tv', 'gaming', 'entrepreneurship', 'comedy', 'writing']",Male,Austin,group,,False,,,Middle Eastern,1,"['Dance', 'Mind-Body', 'Individual Sports', 'Indoor Activites']","['Empathetic', 'Adventurous', 'Realistic']",Legal Work,153
782,Aiden Wilson,user783@gmail.com,,,"['writing', 'crafts_diy', 'podcasts', 'politics', 'fashion']",Male,Houston,uno,,False,,,Middle Eastern,1,"['Mind-Body', 'Creative', 'Video Games']",['Curious'],Education,150
783,George Patel,user784@gmail.com,,,"['animals', 'entrepreneurship', 'movies_tv', 'gaming', 'crafts_diy']",Non-Binary,Los Angeles,group,,False,,,Middle Eastern,3,"['Individual Sports', 'Video Games', 'Water Sports']","['Playful', 'Calm']",Retired,162
784,Lamelo Jones,user785@gmail.com,,,"['gaming', 'politics', 'podcasts', 'writing', 'movies_tv']",Male,Houston,duo,,False,,,Mixed,2,['Strength Training'],"['Playful', 'Funny', 'Thoughtful']",Student,196
785,LeBron Lota,user786@gmail.com,,,"['history', 'volunteering']",Male,Austin,uno,,False,,,Asian,4,"['Water Sports', 'Creative']",['Driven'],Sales,191
786,Casey Patel,user787@gmail.com,,,"['photography', 'cars_motorcycles', 'gaming', 'history', 'politics']",Male,San Francisco,group,,False,,,White,2,"['Dance', 'Strength Training', 'Creative', 'Team Sports']",['Analytical'],Research,176
787,Reese Miller,user788@gmail.com,,,"['animals', 'writing']",Female,Los Angeles,uno,,False,,,White,5,"['Strength Training', 'Dance', 'Team Sports', 'Creative']","['Adventurous', 'Spontaneous', 'Romantic']",Production,173
788,Reese Miller,user789@gmail.com,,,"['spirituality', 'volunteering', 'board_games', 'movies_tv']",Female,Los Angeles,uno,,False,,,Black,5,"['Outdoor', 'Team Sports', 'Video Games', 'Creative']","['Creative', 'Realistic']",Maintenance,182
789,Reese Wilson,user790@gmail.com,,,"['podcasts', 'science', 'writing']",Female,New York,uno,,False,,,Hispanic,5,['Mind-Body'],"['Playful', 'Analytical']",Student,172
790,George Smith,user791@gmail.com,,,"['crafts_diy', 'comedy', 'languages']",Female,Chicago,group,,False,,,Other,2,"['Water Sports', 'Outdoor', 'Individual Sports', 'Video Games']","['Creative', 'Driven']",Legal Work,189
791,Skylar Patel,user792@gmail.com,,,"['cars_motorcycles', 'board_games', 'movies_tv', 'volunteering']",Female,New York,duo,,False,,,Middle Eastern,1,"['Individual Sports', 'Creative', 'Dance']",['Romantic'],Production,157
792,Plower Gote,user793@gmail.com,,,"['collecting', 'podcasts', 'volunteering', 'fashion', 'board_games']",Female,San Diego,uno,,False,,,White,2,"['Indoor Activites', 'Dance']",['Adventurous'],Technology,198
793,Jordan Williams,user794@gmail.com,,,"['nature', 'writing']",Female,San Diego,duo,,False,,,White,3,"['Dance', 'Individual Sports', 'Indoor Activites', 'Mind-Body']","['Funny', 'Adventurous']",Student,183
794,Liangelo Gote,user795@gmail.com,,,"['spirituality', 'podcasts', 'board_games', 'politics']",Male,Phoenix,group,,False,,,Mixed,2,['Indoor Activites'],['Curious'],Student,177
795,Avery Lota,user796@gmail.com,,,"['entrepreneurship', 'crafts_diy']",Female,San Diego,duo,,False,,,Middle Eastern,2,['Team Sports'],"['Adventurous', 'Optimistic']",Technology,169
796,George Davis,user797@gmail.com,,,"['podcasts', 'comedy']",Male,Los Angeles,uno,,False,,,Hispanic,1,['Mind-Body'],['Optimistic'],Environmental,177
797,LeBron Gote,user798@gmail.com,,,"['entrepreneurship', 'volunteering', 'writing', 'movies_tv', 'collecting']",Male,San Francisco,uno,,False,,,Asian,2,"['Mind-Body', 'Individual Sports', 'Water Sports', 'Indoor Activites']",['Playful'],Maintenance,183
798,Liangelo Patel,user799@gmail.com,,,"['history', 'politics']",Female,Los Angeles,duo,,False,,,Mixed,5,"['Outdoor', 'Dance', 'Indoor Activites', 'Team Sports']","['Thoughtful', 'Adventurous']",Legal Work,198
799,Matthew Miller,user800@gmail.com,,,"['cars_motorcycles', 'board_games', 'spirituality', 'politics']",Female,San Diego,duo,,False,,,Asian,1,"['Strength Training', 'Water Sports', 'Individual Sports', 'Video Games']","['Adventurous', 'Loyal', 'Calm']",Maintenance,154
800,Taylor Jones,user801@gmail.com,,,"['board_games', 'politics']",Male,San Francisco,duo,,False,,,Hispanic,2,"['Mind-Body', 'Individual Sports', 'Video Games']","['Cautious', 'Optimistic']",Student,162
801,Paul Gote,user802@gmail.com,,,"['comedy', 'board_games']",Female,Chicago,uno,,False,,,Asian,5,"['Indoor Activites', 'Outdoor', 'Water Sports', 'Creative']",['Analytical'],Student,200
802,Lamelo Wilson,user803@gmail.com,,,"['politics', 'board_games', 'science', 'history', 'writing']",Female,San Diego,duo,,False,,,White,5,"['Video Games', 'Mind-Body']","['Adventurous', 'Thoughtful']",Student,179
803,Aiden Gote,user804@gmail.com,,,"['volunteering', 'politics', 'movies_tv']",Male,New York,group,,False,,,Mixed,4,"['Creative', 'Strength Training']","['Calm', 'Creative']",Student,161
804,Ball Williams,user805@gmail.com,,,"['animals', 'gaming', 'podcasts', 'fashion']",Male,Chicago,uno,,False,,,Asian,1,"['Indoor Activites', 'Video Games', 'Individual Sports', 'Team Sports']","['Playful', 'Romantic', 'Funny']",Research,152
805,Paul Kavuri,user806@gmail.com,,,"['volunteering', 'languages']",Female,San Francisco,group,,False,,,Black,1,['Mind-Body'],"['Analytical', 'Spontaneous', 'Realistic']",Research,164
806,Jordan Jones,user807@gmail.com,,,"['writing', 'spirituality', 'board_games', 'collecting']",Female,Phoenix,uno,,False,,,Asian,2,['Individual Sports'],"['Calm', 'Spontaneous']",Student,196
807,Taylor Jones,user808@gmail.com,,,"['history', 'gaming', 'nature', 'entrepreneurship', 'board_games']",Female,Houston,group,,False,,,White,5,"['Individual Sports', 'Strength Training']",['Organized'],Legal Work,191
808,Plower Temp,user809@gmail.com,,,"['nature', 'board_games', 'podcasts', 'volunteering']",Non-Binary,New York,duo,,False,,,Other,2,['Water Sports'],"['Empathetic', 'Playful', 'Funny']",Student,170
809,Jamie Lota,user810@gmail.com,,,"['photography', 'entrepreneurship', 'fashion', 'writing', 'science']",Female,Phoenix,group,,False,,,Hispanic,1,"['Water Sports', 'Dance', 'Team Sports', 'Video Games']",['Optimistic'],Media,154
810,Lamelo Williams,user811@gmail.com,,,"['collecting', 'politics', 'board_games', 'animals', 'podcasts']",Female,Los Angeles,uno,,False,,,Mixed,2,"['Team Sports', 'Water Sports', 'Individual Sports', 'Outdoor']","['Realistic', 'Optimistic', 'Independent']",Student,158
811,George Lota,user812@gmail.com,,,"['science', 'nature', 'volunteering']",Female,San Diego,duo,,False,,,Other,5,"['Water Sports', 'Team Sports']","['Optimistic', 'Thoughtful', 'Curious']",Media,195
812,Liangelo Johnson,user813@gmail.com,,,"['board_games', 'comedy', 'movies_tv']",Non-Binary,Los Angeles,uno,,False,,,Other,4,"['Mind-Body', 'Creative', 'Video Games']",['Optimistic'],Maintenance,168
813,Aiden Smith,user814@gmail.com,,,"['collecting', 'photography', 'nature', 'movies_tv', 'science']",Female,San Diego,duo,,False,,,Hispanic,2,['Video Games'],"['Romantic', 'Independent']",Maintenance,182
814,Lonzo Williams,user815@gmail.com,,,"['crafts_diy', 'spirituality', 'politics', 'history']",Male,San Francisco,group,,False,,,Black,5,['Indoor Activites'],['Thoughtful'],Healthcare,154
815,Lamelo Patel,user816@gmail.com,,,"['science', 'history', 'volunteering']",Non-Binary,Houston,duo,,False,,,Hispanic,4,"['Individual Sports', 'Dance', 'Strength Training', 'Water Sports']","['Chill', 'Optimistic', 'Independent']",Sales,196
816,Curry Miller,user817@gmail.com,,,"['volunteering', 'photography', 'podcasts', 'movies_tv']",Male,New York,uno,,False,,,Black,5,"['Outdoor', 'Water Sports', 'Individual Sports', 'Indoor Activites']",['Funny'],Production,182
817,Reese Johnson,user818@gmail.com,,,"['gaming', 'politics', 'cars_motorcycles']",Male,Phoenix,uno,,False,,,Mixed,2,['Dance'],"['Loyal', 'Chill', 'Organized']",Environmental,195
818,Jordan Miller,user819@gmail.com,,,"['comedy', 'movies_tv']",Female,Phoenix,uno,,False,,,Asian,2,"['Strength Training', 'Dance', 'Water Sports', 'Outdoor']","['Driven', 'Thoughtful']",Student,191
819,Riley Gote,user820@gmail.com,,,"['animals', 'languages', 'podcasts', 'entrepreneurship', 'photography']",Non-Binary,Los Angeles,uno,,False,,,Mixed,1,"['Strength Training', 'Individual Sports', 'Creative', 'Indoor Activites']","['Optimistic', 'Independent']",Office/Admin,188
820,Jamie Davis,user821@gmail.com,,,"['board_games', 'entrepreneurship']",Female,Austin,duo,,False,,,Asian,1,"['Outdoor', 'Strength Training', 'Creative', 'Video Games']","['Calm', 'Spontaneous', 'Loyal']",Student,157
821,Liangelo Patel,user822@gmail.com,,,"['animals', 'entrepreneurship']",Non-Binary,Austin,uno,,False,,,Hispanic,5,"['Team Sports', 'Outdoor', 'Strength Training', 'Creative']",['Romantic'],HR,166
822,Lonzo Smith,user823@gmail.com,,,"['gaming', 'languages']",Male,Phoenix,uno,,False,,,Asian,2,"['Video Games', 'Outdoor', 'Strength Training', 'Mind-Body']",['Organized'],Media,166
823,George Smith,user824@gmail.com,,,"['cars_motorcycles', 'politics', 'movies_tv', 'gaming']",Female,Chicago,duo,,False,,,White,2,"['Video Games', 'Individual Sports']",['Cautious'],Retired,181
824,Paul Brown,user825@gmail.com,,,"['comedy', 'spirituality', 'writing']",Female,Houston,uno,,False,,,White,1,['Creative'],"['Independent', 'Driven']",Technology,177
825,Lamelo Smith,user826@gmail.com,,,"['gaming', 'nature', 'fashion']",Female,San Francisco,group,,False,,,Asian,1,"['Creative', 'Water Sports']","['Funny', 'Organized', 'Creative']",Student,199
826,Taylor Wilson,user827@gmail.com,,,"['animals', 'science']",Male,Los Angeles,uno,,False,,,Middle Eastern,4,"['Team Sports', 'Water Sports', 'Mind-Body', 'Indoor Activites']","['Thoughtful', 'Organized']",Healthcare,171
827,Aiden Jones,user828@gmail.com,,,"['board_games', 'podcasts', 'languages']",Female,Phoenix,uno,,False,,,Other,2,"['Creative', 'Water Sports', 'Team Sports', 'Dance']",['Spontaneous'],Retired,191
828,Matthew Smith,user829@gmail.com,,,"['writing', 'entrepreneurship', 'animals', 'collecting']",Male,Los Angeles,uno,,False,,,Hispanic,1,"['Mind-Body', 'Strength Training', 'Video Games', 'Creative']",['Open-Minded'],Healthcare,198
829,Alex Brown,user830@gmail.com,,,"['nature', 'writing', 'politics', 'board_games', 'movies_tv']",Male,New York,group,,False,,,Asian,2,"['Outdoor', 'Mind-Body', 'Strength Training', 'Water Sports']","['Loyal', 'Independent']",Research,182
830,Paul Gote,user831@gmail.com,,,"['animals', 'cars_motorcycles', 'photography', 'history']",Female,Chicago,uno,,False,,,Asian,4,"['Mind-Body', 'Water Sports', 'Dance']","['Cautious', 'Loyal']",Student,176
831,Taylor Jones,user832@gmail.com,,,"['languages', 'science', 'podcasts', 'entrepreneurship', 'history']",Male,Houston,group,,False,,,Hispanic,5,['Individual Sports'],['Optimistic'],Student,162
832,Aiden Davis,user833@gmail.com,,,"['spirituality', 'photography', 'movies_tv', 'science', 'nature']",Male,New York,uno,,False,,,Other,2,"['Team Sports', 'Individual Sports']","['Spontaneous', 'Loyal', 'Independent']",Production,156
833,Avery Miller,user834@gmail.com,,,"['movies_tv', 'entrepreneurship']",Female,Austin,duo,,False,,,Asian,4,"['Outdoor', 'Dance', 'Individual Sports']","['Independent', 'Calm']",Environmental,188
834,Aiden Williams,user835@gmail.com,,,"['nature', 'writing', 'fashion']",Non-Binary,Houston,uno,,False,,,Asian,3,"['Creative', 'Team Sports', 'Indoor Activites']","['Thoughtful', 'Driven', 'Realistic']",Student,162
835,Jamie Patel,user836@gmail.com,,,"['politics', 'nature']",Non-Binary,Chicago,group,,False,,,Hispanic,5,"['Mind-Body', 'Indoor Activites', 'Video Games']","['Thoughtful', 'Calm']",Education,191
836,Jordan Jones,user837@gmail.com,,,"['gaming', 'writing']",Male,Houston,group,,False,,,Other,4,['Dance'],"['Adventurous', 'Organized']",Sales,182
837,Reese Brown,user838@gmail.com,,,"['movies_tv', 'podcasts', 'languages', 'comedy']",Female,Chicago,uno,,False,,,Mixed,3,"['Mind-Body', 'Individual Sports', 'Water Sports']","['Playful', 'Empathetic']",Maintenance,180
838,Casey Williams,user839@gmail.com,,,"['languages', 'photography', 'politics', 'gaming']",Male,San Diego,group,,False,,,Black,4,['Creative'],"['Cautious', 'Calm', 'Independent']",Student,198
839,Alex Patel,user840@gmail.com,,,"['history', 'crafts_diy', 'writing', 'politics']",Female,Chicago,group,,False,,,Asian,5,"['Team Sports', 'Individual Sports', 'Strength Training', 'Indoor Activites']","['Empathetic', 'Spontaneous', 'Realistic']",Client Relation/Support,171
840,Jordan Johnson,user841@gmail.com,,,"['spirituality', 'collecting', 'nature']",Female,Houston,uno,,False,,,Asian,3,"['Mind-Body', 'Outdoor', 'Individual Sports']",['Chill'],Office/Admin,187
841,Morgan Smith,user842@gmail.com,,,"['podcasts', 'photography', 'entrepreneurship', 'board_games', 'nature']",Male,San Francisco,group,,False,,,Asian,3,"['Video Games', 'Team Sports', 'Strength Training']","['Creative', 'Independent']",Student,186
842,Skylar Jones,user843@gmail.com,,,"['writing', 'board_games', 'cars_motorcycles', 'history']",Male,Phoenix,uno,,False,,,Black,5,['Indoor Activites'],['Driven'],Student,194
843,Aiden Davis,user844@gmail.com,,,"['writing', 'collecting', 'cars_motorcycles', 'nature', 'gaming']",Male,San Francisco,uno,,False,,,Asian,4,"['Mind-Body', 'Individual Sports']",['Chill'],Creative,158
844,Skylar Davis,user845@gmail.com,,,"['writing', 'movies_tv', 'animals', 'languages']",Non-Binary,Houston,duo,,False,,,Black,4,"['Outdoor', 'Strength Training', 'Water Sports', 'Team Sports']","['Independent', 'Creative', 'Empathetic']",Healthcare,178
845,Casey Wilson,user846@gmail.com,,,"['gaming', 'languages', 'politics']",Non-Binary,Houston,uno,,False,,,Mixed,3,['Dance'],"['Open-Minded', 'Independent']",Environmental,154
846,Curry Kavuri,user847@gmail.com,,,"['animals', 'photography', 'gaming']",Male,Phoenix,group,,False,,,Mixed,2,"['Team Sports', 'Strength Training']","['Spontaneous', 'Calm', 'Optimistic']",Student,197
847,Lonzo Davis,user848@gmail.com,,,"['animals', 'collecting', 'nature', 'crafts_diy', 'volunteering']",Female,New York,duo,,False,,,White,3,['Creative'],"['Chill', 'Organized', 'Romantic']",Student,167
848,LeBron Kavuri,user849@gmail.com,,,"['crafts_diy', 'languages', 'board_games', 'photography', 'animals']",Non-Binary,Phoenix,group,,False,,,Middle Eastern,3,['Dance'],"['Driven', 'Creative', 'Curious']",Student,187
849,Aiden Miller,user850@gmail.com,,,"['fashion', 'animals', 'collecting', 'photography', 'science']",Non-Binary,Phoenix,duo,,False,,,Middle Eastern,1,"['Individual Sports', 'Video Games', 'Strength Training']",['Funny'],Student,183
850,Reese Patel,user851@gmail.com,,,"['comedy', 'writing', 'science']",Female,Phoenix,group,,False,,,Asian,4,"['Mind-Body', 'Outdoor', 'Individual Sports', 'Water Sports']",['Curious'],Office/Admin,167
851,Lamelo Davis,user852@gmail.com,,,"['cars_motorcycles', 'nature', 'comedy', 'photography', 'gaming']",Male,San Diego,group,,False,,,White,2,['Indoor Activites'],"['Open-Minded', 'Empathetic', 'Analytical']",Legal Work,185
852,Morgan Temp,user853@gmail.com,,,"['podcasts', 'volunteering', 'entrepreneurship']",Female,Los Angeles,uno,,False,,,Other,3,"['Mind-Body', 'Strength Training']",['Creative'],Student,193
853,Riley Temp,user854@gmail.com,,,"['gaming', 'volunteering']",Female,Chicago,uno,,False,,,Middle Eastern,4,"['Outdoor', 'Water Sports']",['Chill'],Creative,168
854,Paul Gote,user855@gmail.com,,,"['volunteering', 'spirituality', 'photography', 'crafts_diy']",Non-Binary,Austin,uno,,False,,,Mixed,2,"['Video Games', 'Mind-Body']",['Open-Minded'],Maintenance,161
855,Lamelo Gote,user856@gmail.com,,,"['photography', 'languages', 'comedy', 'gaming']",Non-Binary,Los Angeles,group,,False,,,White,5,"['Video Games', 'Team Sports']","['Playful', 'Thoughtful']",Student,160
856,Lonzo Gote,user857@gmail.com,,,"['animals', 'photography', 'volunteering', 'writing']",Male,Chicago,group,,False,,,White,4,"['Strength Training', 'Dance', 'Outdoor', 'Indoor Activites']","['Driven', 'Creative', 'Open-Minded']",Legal Work,190
857,Liangelo Davis,user858@gmail.com,,,"['comedy', 'collecting', 'writing']",Female,Houston,uno,,False,,,Middle Eastern,1,"['Outdoor', 'Water Sports', 'Mind-Body']","['Driven', 'Loyal', 'Open-Minded']",Student,177
858,Avery Miller,user859@gmail.com,,,"['entrepreneurship', 'science']",Female,Phoenix,group,,False,,,Hispanic,2,"['Mind-Body', 'Creative', 'Dance', 'Water Sports']",['Loyal'],Technology,176
859,Stephen Lota,user860@gmail.com,,,"['cars_motorcycles', 'entrepreneurship', 'volunteering', 'politics']",Non-Binary,Chicago,uno,,False,,,Middle Eastern,2,"['Team Sports', 'Water Sports', 'Creative']",['Optimistic'],Technology,162
860,Lonzo Lota,user861@gmail.com,,,"['cars_motorcycles', 'board_games']",Male,Chicago,group,,False,,,White,1,"['Video Games', 'Creative', 'Water Sports']","['Cautious', 'Loyal', 'Independent']",Student,159
861,Avery Smith,user862@gmail.com,,,"['podcasts', 'languages']",Male,Austin,group,,False,,,Other,4,"['Mind-Body', 'Individual Sports']","['Funny', 'Loyal', 'Realistic']",Maintenance,154
862,Reese Jones,user863@gmail.com,,,"['science', 'podcasts', 'photography', 'movies_tv', 'spirituality']",Female,Los Angeles,uno,,False,,,Hispanic,5,"['Team Sports', 'Video Games']",['Organized'],Office/Admin,193
863,George Wilson,user864@gmail.com,,,"['politics', 'entrepreneurship', 'board_games']",Male,San Francisco,group,,False,,,Black,5,"['Creative', 'Strength Training', 'Indoor Activites']",['Driven'],Office/Admin,165
864,Stephen Wilson,user865@gmail.com,,,"['fashion', 'volunteering', 'crafts_diy', 'collecting']",Female,Phoenix,group,,False,,,Middle Eastern,4,"['Individual Sports', 'Water Sports', 'Team Sports', 'Strength Training']",['Chill'],Environmental,183
865,Lamelo Miller,user866@gmail.com,,,"['volunteering', 'fashion', 'crafts_diy', 'board_games', 'photography']",Non-Binary,San Francisco,uno,,False,,,White,2,['Team Sports'],"['Playful', 'Calm', 'Analytical']",Sales,197
866,LeBron Jones,user867@gmail.com,,,"['volunteering', 'gaming', 'spirituality', 'politics', 'nature']",Female,San Francisco,uno,,False,,,Mixed,3,"['Water Sports', 'Mind-Body', 'Strength Training', 'Outdoor']","['Creative', 'Calm', 'Adventurous']",Retired,188
867,Alex Jones,user868@gmail.com,,,"['crafts_diy', 'comedy', 'politics', 'spirituality']",Non-Binary,Austin,uno,,False,,,Mixed,4,['Strength Training'],"['Empathetic', 'Loyal']",Student,153
868,Skylar Patel,user869@gmail.com,,,"['politics', 'comedy', 'photography', 'spirituality']",Male,Chicago,group,,False,,,Mixed,5,"['Mind-Body', 'Strength Training']",['Empathetic'],Maintenance,163
869,Avery Patel,user870@gmail.com,,,"['comedy', 'entrepreneurship', 'cars_motorcycles']",Female,San Diego,duo,,False,,,White,4,['Mind-Body'],['Romantic'],Client Relation/Support,198
870,Jordan Miller,user871@gmail.com,,,"['entrepreneurship', 'cars_motorcycles', 'photography', 'animals', 'spirituality']",Male,Houston,group,,False,,,Other,2,"['Team Sports', 'Dance', 'Creative']",['Cautious'],Maintenance,151
871,Riley Jones,user872@gmail.com,,,"['collecting', 'animals']",Male,Chicago,group,,False,,,Hispanic,2,"['Individual Sports', 'Creative', 'Team Sports', 'Strength Training']","['Spontaneous', 'Independent', 'Realistic']",Healthcare,172
872,Stephen Lota,user873@gmail.com,,,"['nature', 'science', 'animals', 'cars_motorcycles']",Female,San Francisco,uno,,False,,,Other,5,"['Strength Training', 'Creative']","['Analytical', 'Realistic']",Student,198
873,Reese Davis,user874@gmail.com,,,"['history', 'cars_motorcycles', 'science', 'writing', 'comedy']",Female,Houston,group,,False,,,Hispanic,5,"['Video Games', 'Outdoor', 'Strength Training']",['Empathetic'],Research,175
874,Stephen Temp,user875@gmail.com,,,"['nature', 'fashion', 'spirituality', 'politics', 'crafts_diy']",Female,San Diego,duo,,False,,,White,1,['Team Sports'],"['Romantic', 'Organized', 'Calm']",Education,192
875,Riley Johnson,user876@gmail.com,,,"['cars_motorcycles', 'politics', 'movies_tv', 'podcasts']",Female,Austin,uno,,False,,,Middle Eastern,2,['Video Games'],"['Thoughtful', 'Calm', 'Independent']",Environmental,156
876,Lamelo Wilson,user877@gmail.com,,,"['politics', 'crafts_diy', 'board_games', 'podcasts']",Male,San Diego,uno,,False,,,Middle Eastern,4,"['Water Sports', 'Mind-Body', 'Strength Training', 'Video Games']",['Chill'],Student,199
877,Casey Patel,user878@gmail.com,,,"['fashion', 'board_games', 'crafts_diy', 'cars_motorcycles']",Male,Chicago,group,,False,,,Hispanic,3,"['Strength Training', 'Outdoor']","['Loyal', 'Chill', 'Curious']",Student,182
878,Matthew Kavuri,user879@gmail.com,,,"['entrepreneurship', 'spirituality', 'gaming']",Male,Phoenix,uno,,False,,,Middle Eastern,1,"['Outdoor', 'Video Games', 'Individual Sports', 'Creative']","['Independent', 'Calm']",Student,173
879,Lamelo Smith,user880@gmail.com,,,"['history', 'spirituality']",Male,San Diego,uno,,False,,,Black,2,"['Individual Sports', 'Water Sports', 'Team Sports', 'Outdoor']","['Driven', 'Open-Minded', 'Funny']",Education,197
880,Lonzo Gote,user881@gmail.com,,,"['history', 'languages']",Male,San Diego,uno,,False,,,White,2,"['Dance', 'Strength Training', 'Video Games', 'Outdoor']","['Chill', 'Curious']",Office/Admin,193
881,Casey Gote,user882@gmail.com,,,"['photography', 'nature', 'languages']",Male,New York,duo,,False,,,White,3,"['Water Sports', 'Creative', 'Video Games', 'Strength Training']",['Analytical'],Production,195
882,LeBron Temp,user883@gmail.com,,,"['volunteering', 'politics', 'crafts_diy']",Male,Houston,duo,,False,,,Mixed,4,"['Dance', 'Mind-Body', 'Outdoor']","['Adventurous', 'Spontaneous']",Office/Admin,179
883,Lonzo Wilson,user884@gmail.com,,,"['animals', 'history']",Non-Binary,New York,uno,,False,,,Other,4,"['Water Sports', 'Strength Training']","['Funny', 'Independent', 'Spontaneous']",Client Relation/Support,186
884,Riley Wilson,user885@gmail.com,,,"['volunteering', 'history', 'cars_motorcycles', 'photography', 'animals']",Female,Phoenix,duo,,False,,,Asian,4,['Water Sports'],['Realistic'],Office/Admin,161
885,Liangelo Williams,user886@gmail.com,,,"['cars_motorcycles', 'comedy', 'writing', 'movies_tv', 'crafts_diy']",Female,San Francisco,duo,,False,,,Middle Eastern,4,"['Individual Sports', 'Video Games', 'Mind-Body']","['Spontaneous', 'Organized', 'Optimistic']",Office/Admin,191
886,Lonzo Johnson,user887@gmail.com,,,"['science', 'spirituality', 'fashion', 'politics']",Male,New York,uno,,False,,,Middle Eastern,3,['Video Games'],"['Thoughtful', 'Organized', 'Independent']",Media,185
887,Jamie Smith,user888@gmail.com,,,"['comedy', 'writing', 'photography', 'animals', 'languages']",Male,San Diego,uno,,False,,,Hispanic,3,"['Outdoor', 'Creative']","['Calm', 'Independent', 'Adventurous']",HR,194
888,Liangelo Jones,user889@gmail.com,,,"['cars_motorcycles', 'photography']",Female,Austin,uno,,False,,,White,4,"['Dance', 'Outdoor', 'Video Games']","['Curious', 'Calm', 'Realistic']",Retired,168
889,Matthew Wilson,user890@gmail.com,,,"['entrepreneurship', 'writing', 'comedy']",Female,New York,duo,,False,,,Mixed,4,['Creative'],"['Chill', 'Analytical', 'Calm']",Research,186
890,Plower Lota,user891@gmail.com,,,"['board_games', 'animals', 'cars_motorcycles', 'nature', 'movies_tv']",Female,New York,uno,,False,,,Asian,1,"['Video Games', 'Mind-Body', 'Strength Training']","['Cautious', 'Open-Minded']",Student,172
891,Jordan Lota,user892@gmail.com,,,"['science', 'gaming', 'volunteering']",Male,Austin,uno,,False,,,Middle Eastern,5,['Individual Sports'],"['Calm', 'Chill', 'Playful']",Student,192
892,Reese Gote,user893@gmail.com,,,"['photography', 'crafts_diy']",Male,San Francisco,duo,,False,,,Mixed,3,"['Strength Training', 'Video Games', 'Individual Sports']","['Organized', 'Playful']",Student,180
893,Reese Gote,user894@gmail.com,,,"['history', 'nature', 'volunteering', 'podcasts']",Non-Binary,Los Angeles,uno,,False,,,Hispanic,4,"['Indoor Activites', 'Water Sports', 'Team Sports', 'Dance']","['Driven', 'Romantic', 'Calm']",Environmental,193
894,Ball Jones,user895@gmail.com,,,"['gaming', 'podcasts', 'photography', 'fashion']",Male,Austin,group,,False,,,Mixed,3,"['Video Games', 'Team Sports']",['Spontaneous'],Technology,179
895,Reese Wilson,user896@gmail.com,,,"['podcasts', 'crafts_diy']",Female,San Diego,duo,,False,,,White,2,['Creative'],"['Driven', 'Spontaneous']",Technology,167
896,Paul Gote,user897@gmail.com,,,"['fashion', 'photography', 'cars_motorcycles', 'podcasts', 'collecting']",Non-Binary,Chicago,duo,,False,,,Mixed,3,"['Water Sports', 'Strength Training']",['Calm'],Media,189
897,Morgan Temp,user898@gmail.com,,,"['entrepreneurship', 'collecting']",Male,San Francisco,uno,,False,,,Other,1,"['Dance', 'Video Games', 'Individual Sports', 'Indoor Activites']",['Organized'],Office/Admin,181
898,Plower Smith,user899@gmail.com,,,"['languages', 'fashion', 'cars_motorcycles']",Non-Binary,Austin,group,,False,,,Hispanic,5,"['Creative', 'Water Sports', 'Outdoor', 'Individual Sports']",['Creative'],Production,195
899,LeBron Davis,user900@gmail.com,,,"['science', 'movies_tv']",Female,San Diego,uno,,False,,,Hispanic,2,"['Creative', 'Video Games', 'Dance', 'Team Sports']","['Curious', 'Independent']",Office/Admin,162
900,Curry Johnson,user901@gmail.com,,,"['nature', 'politics', 'board_games']",Female,Chicago,duo,,False,,,Asian,2,"['Indoor Activites', 'Water Sports']","['Spontaneous', 'Loyal', 'Driven']",Student,166
901,Casey Kavuri,user902@gmail.com,,,"['history', 'languages']",Female,Austin,group,,False,,,Mixed,1,"['Water Sports', 'Creative', 'Individual Sports', 'Video Games']",['Cautious'],Production,192
902,Stephen Temp,user903@gmail.com,,,"['comedy', 'podcasts', 'languages']",Male,Houston,group,,False,,,Middle Eastern,3,"['Indoor Activites', 'Mind-Body', 'Outdoor']","['Thoughtful', 'Organized']",Healthcare,188
903,Reese Jones,user904@gmail.com,,,"['politics', 'gaming', 'fashion', 'crafts_diy', 'comedy']",Female,Los Angeles,uno,,False,,,White,5,"['Dance', 'Individual Sports', 'Water Sports']","['Analytical', 'Curious']",Retired,188
904,Liangelo Johnson,user905@gmail.com,,,"['podcasts', 'nature', 'collecting']",Female,New York,uno,,False,,,Middle Eastern,3,"['Individual Sports', 'Dance', 'Strength Training']","['Spontaneous', 'Independent']",Client Relation/Support,198
905,Paul Miller,user906@gmail.com,,,"['collecting', 'history', 'spirituality']",Female,Austin,duo,,False,,,Asian,2,"['Outdoor', 'Indoor Activites']",['Creative'],Sales,174
906,Curry Temp,user907@gmail.com,,,"['writing', 'movies_tv']",Female,Phoenix,uno,,False,,,Black,1,['Indoor Activites'],['Spontaneous'],Maintenance,170
907,Aiden Gote,user908@gmail.com,,,"['politics', 'collecting', 'podcasts']",Female,Phoenix,duo,,False,,,Asian,5,"['Creative', 'Dance']",['Playful'],Production,160
908,Liangelo Patel,user909@gmail.com,,,"['board_games', 'writing', 'science', 'photography']",Female,Los Angeles,uno,,False,,,Black,1,"['Video Games', 'Water Sports', 'Outdoor']","['Funny', 'Calm', 'Spontaneous']",Office/Admin,156
909,Casey Miller,user910@gmail.com,,,"['politics', 'cars_motorcycles', 'gaming']",Female,San Diego,uno,,False,,,Asian,1,"['Creative', 'Individual Sports']","['Cautious', 'Playful', 'Thoughtful']",Legal Work,170
910,LeBron Smith,user911@gmail.com,,,"['comedy', 'fashion', 'animals', 'cars_motorcycles']",Male,Los Angeles,duo,,False,,,Black,1,"['Mind-Body', 'Outdoor', 'Team Sports']","['Loyal', 'Spontaneous', 'Driven']",Student,165
911,George Miller,user912@gmail.com,,,"['movies_tv', 'languages', 'cars_motorcycles']",Female,Phoenix,uno,,False,,,Other,1,"['Water Sports', 'Indoor Activites', 'Individual Sports', 'Mind-Body']",['Spontaneous'],Student,164
912,Avery Miller,user913@gmail.com,,,"['movies_tv', 'crafts_diy', 'collecting']",Male,Austin,group,,False,,,Mixed,4,"['Mind-Body', 'Video Games', 'Water Sports']","['Chill', 'Adventurous', 'Open-Minded']",Client Relation/Support,185
913,Alex Kavuri,user914@gmail.com,,,"['politics', 'collecting', 'comedy']",Female,Phoenix,uno,,False,,,Mixed,5,"['Individual Sports', 'Indoor Activites', 'Dance']",['Loyal'],Education,159
914,Morgan Kavuri,user915@gmail.com,,,"['nature', 'spirituality']",Male,Phoenix,uno,,False,,,Middle Eastern,3,['Strength Training'],"['Realistic', 'Empathetic', 'Open-Minded']",Technology,181
915,Taylor Smith,user916@gmail.com,,,"['entrepreneurship', 'photography', 'board_games', 'collecting', 'history']",Non-Binary,Los Angeles,duo,,False,,,Mixed,4,['Strength Training'],"['Curious', 'Adventurous']",Client Relation/Support,192
916,Stephen Lota,user917@gmail.com,,,"['animals', 'entrepreneurship', 'photography', 'writing']",Male,Chicago,duo,,False,,,Asian,5,"['Dance', 'Individual Sports', 'Strength Training']","['Loyal', 'Spontaneous', 'Analytical']",Media,170
917,Curry Temp,user918@gmail.com,,,"['spirituality', 'animals', 'fashion']",Male,Los Angeles,uno,,False,,,Mixed,4,"['Mind-Body', 'Strength Training', 'Dance', 'Video Games']","['Loyal', 'Chill', 'Spontaneous']",Legal Work,181
918,Casey Kavuri,user919@gmail.com,,,"['nature', 'animals', 'fashion']",Male,Chicago,uno,,False,,,Hispanic,5,"['Creative', 'Water Sports']","['Open-Minded', 'Driven', 'Adventurous']",Retired,170
919,Plower Johnson,user920@gmail.com,,,"['cars_motorcycles', 'board_games', 'politics', 'nature', 'writing']",Male,New York,group,,False,,,Asian,4,"['Dance', 'Mind-Body']",['Curious'],Creative,186
920,Aiden Williams,user921@gmail.com,,,"['politics', 'fashion', 'spirituality', 'crafts_diy', 'collecting']",Non-Binary,New York,duo,,False,,,Hispanic,1,"['Dance', 'Team Sports']","['Thoughtful', 'Curious', 'Realistic']",Student,162
921,Skylar Johnson,user922@gmail.com,,,"['movies_tv', 'nature', 'science', 'crafts_diy', 'board_games']",Male,Phoenix,uno,,False,,,Other,4,"['Dance', 'Creative', 'Outdoor', 'Indoor Activites']","['Empathetic', 'Chill']",Client Relation/Support,178
922,Jordan Gote,user923@gmail.com,,,"['fashion', 'animals']",Male,Los Angeles,group,,False,,,White,5,"['Team Sports', 'Mind-Body']","['Open-Minded', 'Cautious']",Maintenance,183
923,Lamelo Wilson,user924@gmail.com,,,"['spirituality', 'board_games']",Non-Binary,Austin,uno,,False,,,Black,2,"['Team Sports', 'Creative', 'Video Games', 'Individual Sports']","['Analytical', 'Spontaneous', 'Open-Minded']",Creative,179
924,Avery Temp,user925@gmail.com,,,"['nature', 'podcasts', 'animals', 'board_games']",Male,Phoenix,uno,,False,,,Other,1,"['Water Sports', 'Strength Training', 'Mind-Body']","['Cautious', 'Open-Minded', 'Thoughtful']",Student,162
925,Riley Johnson,user926@gmail.com,,,"['politics', 'history', 'comedy']",Female,Los Angeles,uno,,False,,,Other,2,"['Strength Training', 'Video Games', 'Creative']","['Empathetic', 'Cautious', 'Adventurous']",Office/Admin,181
926,Jordan Patel,user927@gmail.com,,,"['collecting', 'spirituality']",Female,San Diego,duo,,False,,,Other,5,"['Outdoor', 'Indoor Activites']","['Analytical', 'Driven']",Student,196
927,Skylar Williams,user928@gmail.com,,,"['nature', 'history', 'animals', 'volunteering']",Female,San Francisco,uno,,False,,,Middle Eastern,2,"['Mind-Body', 'Strength Training', 'Outdoor', 'Team Sports']","['Realistic', 'Loyal']",Client Relation/Support,177
928,Avery Smith,user929@gmail.com,,,"['spirituality', 'languages']",Female,Chicago,duo,,False,,,Black,1,['Individual Sports'],"['Optimistic', 'Chill']",Student,165
929,Alex Jones,user930@gmail.com,,,"['spirituality', 'podcasts', 'writing']",Female,New York,duo,,False,,,Hispanic,5,"['Video Games', 'Creative', 'Water Sports', 'Team Sports']",['Cautious'],Production,164
930,Matthew Brown,user931@gmail.com,,,"['writing', 'politics', 'spirituality']",Female,Houston,duo,,False,,,Asian,5,"['Indoor Activites', 'Mind-Body', 'Outdoor']","['Analytical', 'Chill']",Production,154
931,Lonzo Jones,user932@gmail.com,,,"['gaming', 'nature']",Non-Binary,Los Angeles,uno,,False,,,Asian,2,['Mind-Body'],"['Realistic', 'Loyal', 'Adventurous']",Student,168
932,Lamelo Smith,user933@gmail.com,,,"['comedy', 'entrepreneurship', 'animals', 'movies_tv', 'podcasts']",Female,San Diego,group,,False,,,Middle Eastern,5,"['Water Sports', 'Outdoor', 'Team Sports', 'Strength Training']","['Creative', 'Empathetic', 'Playful']",Student,166
933,Liangelo Temp,user934@gmail.com,,,"['spirituality', 'movies_tv', 'board_games', 'history']",Non-Binary,Austin,uno,,False,,,Mixed,5,"['Indoor Activites', 'Video Games', 'Strength Training']","['Empathetic', 'Organized']",Student,193
934,George Smith,user935@gmail.com,,,"['comedy', 'history', 'science']",Male,San Diego,duo,,False,,,Other,3,"['Video Games', 'Dance']",['Optimistic'],Sales,162
935,Lonzo Patel,user936@gmail.com,,,"['cars_motorcycles', 'gaming', 'fashion', 'collecting']",Male,Chicago,uno,,False,,,Black,1,"['Indoor Activites', 'Team Sports']",['Playful'],Research,153
936,Plower Williams,user937@gmail.com,,,"['podcasts', 'spirituality', 'gaming', 'board_games', 'animals']",Female,Houston,duo,,False,,,White,4,"['Strength Training', 'Indoor Activites', 'Creative']",['Cautious'],Education,177
937,Aiden Patel,user938@gmail.com,,,"['podcasts', 'gaming', 'entrepreneurship', 'writing', 'board_games']",Female,New York,duo,,False,,,Hispanic,3,"['Creative', 'Mind-Body', 'Outdoor', 'Water Sports']","['Analytical', 'Romantic']",Research,193
938,Taylor Davis,user939@gmail.com,,,"['languages', 'animals', 'entrepreneurship']",Female,San Francisco,uno,,False,,,Other,3,['Outdoor'],['Realistic'],HR,174
939,Taylor Lota,user940@gmail.com,,,"['volunteering', 'fashion', 'photography', 'board_games', 'podcasts']",Female,San Diego,uno,,False,,,White,3,"['Video Games', 'Dance', 'Water Sports']","['Driven', 'Adventurous', 'Curious']",Environmental,166
940,Lamelo Brown,user941@gmail.com,,,"['fashion', 'cars_motorcycles', 'languages', 'spirituality']",Male,Los Angeles,uno,,False,,,Asian,4,"['Indoor Activites', 'Strength Training', 'Dance']",['Loyal'],Office/Admin,188
941,Taylor Davis,user942@gmail.com,,,"['science', 'politics', 'board_games']",Male,Los Angeles,duo,,False,,,Mixed,3,"['Strength Training', 'Creative', 'Mind-Body', 'Individual Sports']","['Funny', 'Chill']",Sales,164
942,Reese Williams,user943@gmail.com,,,"['animals', 'movies_tv', 'science', 'podcasts']",Female,Los Angeles,uno,,False,,,White,5,"['Creative', 'Individual Sports', 'Strength Training', 'Outdoor']",['Driven'],Retired,184
943,LeBron Kavuri,user944@gmail.com,,,"['science', 'nature', 'crafts_diy', 'history', 'animals']",Male,New York,group,,False,,,Mixed,2,['Video Games'],"['Playful', 'Independent']",Client Relation/Support,193
944,Morgan Wilson,user945@gmail.com,,,"['entrepreneurship', 'writing', 'politics']",Male,Los Angeles,duo,,False,,,Other,3,"['Team Sports', 'Individual Sports']",['Curious'],Media,172
945,Avery Davis,user946@gmail.com,,,"['languages', 'crafts_diy', 'writing', 'spirituality']",Female,Chicago,uno,,False,,,Black,3,"['Dance', 'Indoor Activites']","['Independent', 'Open-Minded']",Research,166
946,Stephen Patel,user947@gmail.com,,,"['board_games', 'cars_motorcycles']",Female,Chicago,uno,,False,,,Other,1,"['Indoor Activites', 'Team Sports', 'Creative', 'Outdoor']","['Realistic', 'Organized', 'Calm']",Office/Admin,183
947,Curry Temp,user948@gmail.com,,,"['volunteering', 'writing']",Female,New York,uno,,False,,,White,1,"['Creative', 'Indoor Activites']",['Analytical'],Media,186
948,Stephen Miller,user949@gmail.com,,,"['nature', 'board_games']",Male,Houston,group,,False,,,Mixed,3,"['Strength Training', 'Water Sports', 'Individual Sports', 'Dance']",['Playful'],Environmental,156
949,Casey Patel,user950@gmail.com,,,"['comedy', 'collecting', 'politics', 'spirituality']",Female,Chicago,uno,,False,,,Black,4,['Video Games'],"['Empathetic', 'Creative', 'Driven']",HR,184
950,Avery Davis,user951@gmail.com,,,"['crafts_diy', 'podcasts', 'entrepreneurship']",Male,Austin,uno,,False,,,Mixed,1,"['Water Sports', 'Dance']","['Chill', 'Adventurous']",Client Relation/Support,175
951,Stephen Wilson,user952@gmail.com,,,"['history', 'board_games', 'movies_tv']",Male,Phoenix,uno,,False,,,Hispanic,5,['Individual Sports'],['Open-Minded'],Education,189
952,Taylor Williams,user953@gmail.com,,,"['nature', 'science', 'spirituality', 'languages', 'photography']",Female,San Diego,duo,,False,,,Other,1,"['Indoor Activites', 'Mind-Body']",['Loyal'],Production,198
953,Taylor Temp,user954@gmail.com,,,"['podcasts', 'science', 'fashion', 'spirituality']",Male,Houston,group,,False,,,White,4,['Water Sports'],['Funny'],HR,164
954,Lamelo Gote,user955@gmail.com,,,"['entrepreneurship', 'gaming', 'photography', 'volunteering']",Non-Binary,Chicago,group,,False,,,Asian,4,"['Creative', 'Outdoor', 'Mind-Body', 'Indoor Activites']","['Adventurous', 'Empathetic', 'Funny']",Student,198
955,LeBron Davis,user956@gmail.com,,,"['nature', 'crafts_diy', 'collecting', 'spirituality', 'comedy']",Non-Binary,Austin,uno,,False,,,Mixed,3,['Water Sports'],['Open-Minded'],Office/Admin,189
956,LeBron Smith,user957@gmail.com,,,"['fashion', 'crafts_diy']",Non-Binary,Los Angeles,duo,,False,,,Asian,5,"['Mind-Body', 'Individual Sports', 'Dance']","['Independent', 'Playful']",Student,176
957,Reese Gote,user958@gmail.com,,,"['movies_tv', 'nature', 'gaming', 'history', 'comedy']",Female,Phoenix,uno,,False,,,Asian,1,"['Mind-Body', 'Outdoor']","['Realistic', 'Empathetic']",Office/Admin,168
958,Skylar Wilson,user959@gmail.com,,,"['podcasts', 'photography', 'gaming']",Non-Binary,Chicago,duo,,False,,,Middle Eastern,5,"['Indoor Activites', 'Mind-Body']",['Funny'],Maintenance,157
959,Taylor Kavuri,user960@gmail.com,,,"['fashion', 'history', 'board_games']",Male,San Diego,group,,False,,,Hispanic,1,"['Video Games', 'Team Sports', 'Water Sports']","['Analytical', 'Chill', 'Playful']",Environmental,162
960,Paul Jones,user961@gmail.com,,,"['fashion', 'cars_motorcycles', 'writing', 'animals']",Non-Binary,Houston,group,,False,,,White,4,"['Outdoor', 'Strength Training', 'Water Sports']","['Loyal', 'Thoughtful']",Student,157
961,Lonzo Miller,user962@gmail.com,,,"['cars_motorcycles', 'comedy']",Female,New York,uno,,False,,,Black,4,"['Video Games', 'Team Sports', 'Water Sports']","['Playful', 'Organized']",Legal Work,171
962,Avery Patel,user963@gmail.com,,,"['movies_tv', 'science', 'volunteering', 'writing']",Female,Los Angeles,group,,False,,,Other,1,"['Video Games', 'Water Sports', 'Indoor Activites']","['Optimistic', 'Playful', 'Cautious']",Office/Admin,154
963,Curry Patel,user964@gmail.com,,,"['politics', 'photography']",Non-Binary,San Diego,duo,,False,,,Asian,3,"['Water Sports', 'Outdoor', 'Creative', 'Video Games']","['Optimistic', 'Chill', 'Spontaneous']",Healthcare,178
964,Jamie Wilson,user965@gmail.com,,,"['photography', 'fashion', 'history', 'volunteering']",Non-Binary,San Francisco,duo,,False,,,White,4,"['Mind-Body', 'Water Sports', 'Video Games']","['Optimistic', 'Analytical']",Research,199
965,Stephen Temp,user966@gmail.com,,,"['gaming', 'languages']",Female,San Francisco,duo,,False,,,Mixed,2,"['Indoor Activites', 'Mind-Body', 'Video Games', 'Outdoor']","['Organized', 'Funny', 'Independent']",Student,192
966,Reese Williams,user967@gmail.com,,,"['history', 'science', 'fashion', 'animals']",Female,Chicago,duo,,False,,,Black,5,"['Mind-Body', 'Indoor Activites', 'Team Sports']","['Open-Minded', 'Creative', 'Calm']",Legal Work,200
967,Avery Williams,user968@gmail.com,,,"['gaming', 'history', 'photography']",Male,Phoenix,duo,,False,,,Mixed,4,"['Indoor Activites', 'Individual Sports', 'Strength Training']","['Open-Minded', 'Driven', 'Spontaneous']",Environmental,169
968,Curry Lota,user969@gmail.com,,,"['comedy', 'board_games', 'spirituality', 'fashion']",Non-Binary,Los Angeles,uno,,False,,,White,3,"['Dance', 'Outdoor', 'Indoor Activites', 'Mind-Body']",['Cautious'],Student,170
969,Casey Brown,user970@gmail.com,,,"['board_games', 'gaming']",Male,Los Angeles,duo,,False,,,Hispanic,5,"['Individual Sports', 'Creative', 'Water Sports', 'Mind-Body']","['Playful', 'Romantic']",Media,189
970,Morgan Lota,user971@gmail.com,,,"['gaming', 'collecting', 'animals']",Non-Binary,Los Angeles,duo,,False,,,White,5,"['Video Games', 'Mind-Body', 'Team Sports']","['Open-Minded', 'Loyal']",Education,150
971,Casey Patel,user972@gmail.com,,,"['spirituality', 'crafts_diy', 'science', 'history']",Male,Austin,uno,,False,,,White,1,"['Team Sports', 'Outdoor', 'Strength Training', 'Video Games']","['Romantic', 'Optimistic']",Office/Admin,157
972,Liangelo Williams,user973@gmail.com,,,"['collecting', 'politics']",Non-Binary,New York,uno,,False,,,Asian,3,"['Team Sports', 'Strength Training', 'Water Sports', 'Creative']",['Romantic'],Student,177
973,Plower Miller,user974@gmail.com,,,"['animals', 'writing', 'comedy', 'history', 'fashion']",Female,Chicago,duo,,False,,,Hispanic,2,"['Mind-Body', 'Individual Sports', 'Strength Training']","['Organized', 'Curious', 'Optimistic']",Production,161
974,Avery Temp,user975@gmail.com,,,"['collecting', 'board_games', 'spirituality', 'languages', 'movies_tv']",Female,Houston,duo,,False,,,Other,2,"['Water Sports', 'Strength Training', 'Outdoor', 'Dance']","['Playful', 'Creative', 'Analytical']",Student,195
975,Matthew Kavuri,user976@gmail.com,,,"['spirituality', 'languages', 'entrepreneurship', 'fashion']",Female,San Diego,uno,,False,,,White,2,"['Team Sports', 'Water Sports', 'Video Games', 'Outdoor']","['Funny', 'Driven']",Education,190
976,Jordan Smith,user977@gmail.com,,,"['animals', 'crafts_diy', 'podcasts', 'comedy']",Male,Los Angeles,group,,False,,,Other,2,"['Mind-Body', 'Individual Sports']","['Calm', 'Romantic', 'Curious']",Student,183
977,Lonzo Wilson,user978@gmail.com,,,"['podcasts', 'cars_motorcycles', 'comedy', 'writing']",Female,New York,uno,,False,,,Black,5,"['Dance', 'Water Sports', 'Creative']",['Chill'],Office/Admin,160
978,Jamie Miller,user979@gmail.com,,,"['collecting', 'board_games']",Non-Binary,San Diego,uno,,False,,,Black,1,"['Water Sports', 'Individual Sports', 'Creative', 'Video Games']","['Chill', 'Cautious', 'Creative']",Client Relation/Support,157
979,Riley Smith,user980@gmail.com,,,"['movies_tv', 'fashion', 'science', 'entrepreneurship']",Non-Binary,Houston,uno,,False,,,Hispanic,1,"['Mind-Body', 'Indoor Activites', 'Dance', 'Outdoor']","['Adventurous', 'Funny', 'Curious']",Student,190
980,Riley Patel,user981@gmail.com,,,"['photography', 'science']",Male,Austin,uno,,False,,,Mixed,5,"['Video Games', 'Creative', 'Individual Sports', 'Water Sports']",['Funny'],Legal Work,177
981,Lonzo Davis,user982@gmail.com,,,"['comedy', 'animals']",Male,Los Angeles,uno,,False,,,Hispanic,2,"['Dance', 'Outdoor']",['Thoughtful'],Technology,188
982,Liangelo Kavuri,user983@gmail.com,,,"['cars_motorcycles', 'gaming', 'podcasts', 'entrepreneurship']",Female,Austin,duo,,False,,,Black,4,['Video Games'],"['Playful', 'Creative']",Student,161
983,LeBron Smith,user984@gmail.com,,,"['history', 'nature', 'spirituality', 'politics']",Non-Binary,Chicago,uno,,False,,,Other,3,"['Strength Training', 'Mind-Body', 'Water Sports']","['Romantic', 'Cautious']",Maintenance,155
984,Paul Davis,user985@gmail.com,,,"['board_games', 'movies_tv']",Male,Houston,duo,,False,,,White,1,"['Creative', 'Video Games', 'Individual Sports']","['Thoughtful', 'Funny', 'Spontaneous']",Technology,196
985,George Jones,user986@gmail.com,,,"['board_games', 'fashion', 'photography', 'nature']",Female,San Diego,group,,False,,,Mixed,3,"['Water Sports', 'Outdoor', 'Team Sports', 'Mind-Body']","['Chill', 'Independent', 'Analytical']",Production,155
986,Casey Miller,user987@gmail.com,,,"['cars_motorcycles', 'spirituality', 'languages']",Male,Los Angeles,uno,,False,,,Mixed,5,"['Water Sports', 'Strength Training']","['Loyal', 'Romantic']",Student,162
987,Stephen Lota,user988@gmail.com,,,"['board_games', 'comedy', 'languages']",Male,San Francisco,group,,False,,,White,1,"['Strength Training', 'Dance', 'Indoor Activites']",['Adventurous'],Student,170
988,Ball Wilson,user989@gmail.com,,,"['board_games', 'podcasts', 'volunteering']",Male,Houston,uno,,False,,,Middle Eastern,1,"['Creative', 'Team Sports', 'Individual Sports']","['Playful', 'Optimistic', 'Spontaneous']",Research,175
989,Avery Patel,user990@gmail.com,,,"['animals', 'science', 'writing']",Female,New York,duo,,False,,,Hispanic,1,"['Strength Training', 'Creative', 'Water Sports', 'Outdoor']",['Empathetic'],Student,165
990,Riley Smith,user991@gmail.com,,,"['fashion', 'history', 'politics', 'nature']",Non-Binary,San Francisco,duo,,False,,,Mixed,2,"['Water Sports', 'Strength Training']",['Organized'],Technology,189
991,Reese Patel,user992@gmail.com,,,"['science', 'gaming', 'animals', 'writing', 'board_games']",Male,Austin,group,,False,,,Hispanic,2,['Strength Training'],"['Creative', 'Thoughtful', 'Driven']",Media,157
992,George Jones,user993@gmail.com,,,"['cars_motorcycles', 'podcasts', 'entrepreneurship', 'fashion', 'writing']",Female,Phoenix,duo,,False,,,Asian,5,"['Indoor Activites', 'Team Sports', 'Creative', 'Video Games']","['Romantic', 'Open-Minded', 'Creative']",Legal Work,193
993,Aiden Johnson,user994@gmail.com,,,"['science', 'volunteering', 'entrepreneurship', 'nature']",Female,Chicago,uno,,False,,,Black,5,"['Mind-Body', 'Strength Training', 'Creative']",['Loyal'],Student,181
994,Plower Patel,user995@gmail.com,,,"['volunteering', 'collecting', 'fashion', 'politics']",Non-Binary,Los Angeles,uno,,False,,,Middle Eastern,3,"['Outdoor', 'Team Sports', 'Strength Training']",['Cautious'],Healthcare,150
995,Reese Jones,user996@gmail.com,,,"['fashion', 'cars_motorcycles']",Non-Binary,San Francisco,duo,,False,,,Middle Eastern,3,"['Creative', 'Dance']",['Independent'],Media,157
996,Lamelo Patel,user997@gmail.com,,,"['photography', 'politics']",Non-Binary,San Francisco,uno,,False,,,Middle Eastern,1,['Indoor Activites'],"['Spontaneous', 'Realistic', 'Calm']",Creative,180
997,Morgan Temp,user998@gmail.com,,,"['volunteering', 'history', 'gaming', 'politics', 'photography']",Female,Los Angeles,duo,,False,,,Middle Eastern,4,"['Video Games', 'Strength Training']",['Spontaneous'],Production,200
998,Aiden Brown,user999@gmail.com,,,"['fashion', 'nature', 'science', 'gaming', 'animals']",Female,Los Angeles,uno,,False,,,Black,4,"['Individual Sports', 'Outdoor']",['Spontaneous'],Office/Admin,171
999,Skylar Smith,user1000@gmail.com,,,"['board_games', 'podcasts']",Female,New York,uno,,False,,,Hispanic,5,['Strength Training'],"['Chill', 'Playful']",Legal Work,153
