user,liked_user
1,445
1,186
1,618
1,678
1,64
1,538
1,205
1,970
1,671
1,16
1,31
1,84
1,157
1,248
1,480
2,738
2,387
2,65
2,66
2,451
2,948
2,572
2,51
2,868
2,513
2,489
2,27
2,362
2,418
2,59
3,569
3,644
3,480
3,276
3,126
3,172
3,507
3,706
3,388
3,376
3,74
3,540
3,687
3,967
3,153
4,878
4,781
4,373
4,424
4,519
4,847
4,182
4,594
4,179
4,76
4,236
4,593
4,765
4,474
4,492
5,357
5,504
5,619
5,629
5,692
5,927
5,366
5,286
5,555
5,652
5,906
5,208
5,413
5,831
5,177
6,203
6,664
6,247
6,773
6,211
6,225
6,230
6,264
6,326
6,335
6,359
6,367
6,620
6,953
6,41
7,811
7,790
7,48
7,53
7,721
7,929
7,870
7,27
7,277
7,312
7,362
7,135
7,625
7,244
7,354
8,138
8,234
8,164
8,249
8,420
8,464
8,670
8,719
8,722
8,945
8,623
8,137
8,714
8,801
8,205
9,877
9,674
9,781
9,474
9,24
9,55
9,165
9,377
9,492
9,585
9,720
9,758
9,765
9,779
9,787
10,305
10,124
10,684
10,558
10,923
10,838
10,746
10,285
10,457
10,77
10,657
10,206
10,60
10,272
10,323
11,604
11,263
11,823
11,141
11,839
11,38
11,175
11,220
11,881
11,778
11,32
11,201
11,484
11,46
11,326
12,94
12,295
12,206
12,218
12,232
12,964
12,304
12,676
12,100
12,850
12,185
12,60
12,627
12,924
12,746
13,307
13,63
13,262
13,392
13,454
13,458
13,778
13,918
13,234
13,722
13,473
13,662
13,336
13,420
13,431
14,478
14,36
14,595
14,969
14,559
14,391
14,891
14,59
14,200
14,390
14,198
14,419
14,498
14,676
14,892
15,939
15,814
15,487
15,494
15,355
15,684
15,472
15,605
15,732
15,376
15,950
15,983
15,49
15,371
15,401
16,31
16,84
16,157
16,992
16,454
16,193
16,601
16,941
16,951
16,785
16,421
16,597
16,797
16,952
16,1
17,536
17,608
17,54
17,509
17,780
17,506
17,46
17,154
17,171
17,247
17,261
17,476
17,549
17,589
17,633
18,215
18,314
18,942
18,511
18,39
18,111
18,303
18,319
18,512
18,602
18,698
18,944
18,709
18,617
18,200
19,275
19,429
19,554
19,110
19,350
19,610
19,134
19,272
19,838
19,78
19,104
19,440
19,909
19,401
19,914
20,592
20,527
20,802
20,315
20,452
20,543
20,812
20,369
20,485
20,621
20,102
20,383
20,625
20,294
20,101
21,950
21,962
21,929
21,297
21,337
21,624
21,26
21,136
21,148
21,194
21,208
21,393
21,530
21,651
21,752
22,573
22,256
22,903
22,590
22,268
22,440
22,397
22,217
22,461
22,73
22,79
22,531
22,443
22,63
22,262
23,603
23,116
23,302
23,541
23,606
23,68
23,108
23,120
23,189
23,338
23,339
23,465
23,554
23,661
23,737
24,165
24,55
24,585
24,674
24,9
24,377
24,474
24,492
24,720
24,758
24,765
24,779
24,781
24,787
24,593
25,567
25,548
25,932
25,269
25,411
25,423
25,477
25,521
25,710
25,723
25,849
25,955
25,699
25,45
25,173
26,530
26,950
26,287
26,198
26,619
26,605
26,21
26,136
26,148
26,194
26,208
26,393
26,651
26,752
26,962
27,868
27,362
27,311
27,316
27,980
27,115
27,489
27,7
27,277
27,312
27,811
27,612
27,635
27,916
27,537
28,321
28,449
28,553
28,905
28,540
28,210
28,287
28,450
28,522
28,581
28,799
28,841
28,885
28,943
28,974
29,734
29,94
29,100
29,965
29,317
29,105
29,594
29,639
29,813
29,853
29,980
29,735
29,216
29,187
29,257
30,62
30,101
30,130
30,292
30,575
30,441
30,1000
30,772
30,930
30,263
30,290
30,480
30,507
30,790
30,550
31,16
31,84
31,683
31,168
31,324
31,378
31,517
31,783
31,815
31,461
31,1
31,157
31,205
31,445
31,615
32,825
32,272
32,508
32,998
32,130
32,744
32,896
32,49
32,371
32,11
32,426
32,902
32,910
32,189
32,339
33,821
33,858
33,85
33,170
33,901
33,716
33,740
33,297
33,625
33,208
33,631
33,238
33,463
33,496
33,543
34,128
34,306
34,767
34,985
34,41
34,146
34,205
34,673
34,805
34,869
34,960
34,970
34,981
34,332
34,623
35,117
35,912
35,333
35,490
35,681
35,790
35,350
35,239
35,271
35,929
35,161
35,140
35,354
35,582
35,502
36,595
36,198
36,14
36,478
36,969
36,462
36,214
36,240
36,891
36,932
36,957
36,26
36,530
36,944
36,950
37,975
37,873
37,354
37,600
37,463
37,139
37,528
37,488
37,826
37,654
37,96
37,776
37,933
37,117
37,89
38,220
38,437
38,887
38,427
38,709
38,11
38,175
38,18
38,154
38,247
38,261
38,633
38,930
38,481
38,284
39,18
39,111
39,215
39,303
39,314
39,319
39,512
39,602
39,698
39,942
39,944
39,226
39,437
39,481
39,88
40,183
40,102
40,179
40,182
40,424
40,519
40,878
40,801
40,86
40,174
40,226
40,279
40,356
40,446
40,486
41,673
41,34
41,869
41,128
41,146
41,205
41,306
41,767
41,805
41,960
41,970
41,981
41,985
41,95
41,168
42,700
42,953
42,81
42,808
42,685
42,50
42,52
42,83
42,227
42,318
42,364
42,493
42,542
42,570
42,640
43,785
43,238
43,463
43,482
43,496
43,365
43,941
43,842
43,190
43,413
43,798
43,45
43,279
43,879
43,949
44,996
44,402
44,771
44,422
44,67
44,447
44,697
44,349
44,571
44,810
44,656
44,822
44,855
44,684
44,732
45,229
45,486
45,174
45,568
45,777
45,877
45,879
45,949
45,474
45,667
45,774
45,787
45,623
45,566
45,523
46,509
46,549
46,589
46,326
46,17
46,54
46,154
46,171
46,247
46,261
46,476
46,536
46,608
46,633
46,780
47,145
47,372
47,196
47,829
47,703
47,756
47,168
47,163
47,433
47,67
47,583
47,936
47,328
47,882
47,313
48,7
48,53
48,721
48,811
48,929
48,271
48,244
48,599
48,654
48,933
48,199
48,311
48,316
48,490
48,649
49,371
49,401
49,487
49,914
49,364
49,508
49,998
49,398
49,32
49,994
49,385
49,580
49,546
49,15
49,426
50,52
50,685
50,81
50,570
50,640
50,227
50,318
50,42
50,83
50,364
50,493
50,542
50,680
50,700
50,808
51,124
51,323
51,626
51,984
51,285
51,122
51,311
51,514
51,384
51,456
51,559
51,924
51,453
51,200
51,14
52,50
52,685
52,680
52,700
52,318
52,338
52,42
52,81
52,83
52,227
52,364
52,493
52,542
52,570
52,640
53,721
53,811
53,7
53,48
53,929
53,316
53,448
53,631
53,901
53,271
53,436
53,311
53,33
53,85
53,170
54,476
54,883
54,17
54,536
54,46
54,154
54,171
54,247
54,261
54,509
54,549
54,589
54,608
54,633
54,780
55,24
55,165
55,585
55,9
55,377
55,474
55,492
55,674
55,720
55,758
55,765
55,779
55,781
55,787
55,96
56,576
56,210
56,114
56,204
56,231
56,374
56,565
56,645
56,725
56,728
56,747
56,828
56,928
56,946
56,409
57,724
57,237
57,433
57,470
57,255
57,358
57,431
57,683
57,832
57,839
57,382
57,221
57,235
57,458
57,671
58,389
58,769
58,762
58,565
58,867
58,968
58,908
58,204
58,799
58,347
58,607
58,742
58,114
58,645
58,580
59,390
59,214
59,856
59,92
59,136
59,973
59,14
59,430
59,478
59,200
59,244
59,194
59,784
59,129
59,393
60,313
60,285
60,323
60,924
60,295
60,10
60,305
60,750
60,829
60,820
60,965
60,732
60,636
60,12
60,145
61,328
61,278
61,666
61,954
61,119
61,379
61,394
61,518
61,630
61,766
61,842
61,755
61,694
61,279
61,436
62,30
62,101
62,130
62,292
62,575
62,134
62,274
62,107
62,275
62,322
62,908
62,535
62,652
62,631
62,550
63,262
63,918
63,590
63,443
63,13
63,307
63,392
63,454
63,458
63,778
63,79
63,125
63,419
63,670
63,892
64,186
64,538
64,1
64,445
64,618
64,678
64,168
64,212
64,41
64,506
64,601
64,673
64,951
64,126
64,157
65,2
65,948
65,247
65,341
65,312
65,738
65,818
65,427
65,968
65,690
65,509
65,780
65,883
65,698
65,942
66,2
66,557
66,232
66,98
66,202
66,451
66,738
66,329
66,466
66,635
66,423
66,548
66,657
66,370
66,682
67,447
67,936
67,663
67,479
67,402
67,44
67,751
67,47
67,444
67,188
67,193
67,260
67,406
67,469
67,668
68,131
68,330
68,302
68,23
68,95
68,405
68,524
68,603
68,981
68,364
68,81
68,172
68,276
68,466
68,799
69,410
69,120
69,409
69,87
69,106
69,167
69,184
69,435
69,533
69,582
69,711
69,889
69,994
69,939
69,931
70,119
70,161
70,273
70,495
70,518
70,795
70,787
70,474
70,779
70,165
70,216
70,333
70,351
70,365
70,666
71,991
71,191
71,713
71,971
71,788
71,417
71,959
71,72
71,534
71,860
71,648
71,240
71,820
71,997
71,251
72,713
72,191
72,417
72,971
72,786
72,830
72,399
72,267
72,587
72,675
72,753
72,957
72,615
72,345
72,871
73,531
73,79
73,564
73,659
73,515
73,516
73,717
73,797
73,798
73,952
73,211
73,342
73,353
73,773
73,171
74,967
74,82
74,800
74,652
74,178
74,274
74,3
74,324
74,388
74,540
74,569
74,644
74,815
74,343
74,554
75,784
75,816
75,361
75,214
75,413
75,831
75,190
75,961
75,726
75,699
75,390
75,93
75,173
75,197
75,612
76,236
76,593
76,259
76,143
76,341
76,562
76,712
76,309
76,520
76,241
76,702
76,925
76,4
76,765
76,622
77,246
77,368
77,775
77,532
77,493
77,542
77,704
77,225
77,995
77,657
77,52
77,725
77,808
77,570
77,664
78,104
78,909
78,483
78,19
78,256
78,275
78,429
78,810
78,153
78,729
78,938
78,147
78,408
78,577
78,325
79,531
79,73
79,798
79,515
79,516
79,564
79,659
79,717
79,797
79,952
79,63
79,443
79,171
79,211
79,342
80,563
80,144
80,637
80,840
80,99
80,958
80,494
80,789
80,876
80,831
80,162
80,898
80,252
80,413
80,463
81,318
81,570
81,808
81,700
81,42
81,50
81,227
81,52
81,83
81,364
81,493
81,542
81,640
81,680
81,685
82,800
82,74
82,967
82,95
82,267
82,416
82,517
82,841
82,885
82,958
82,321
82,322
82,357
82,556
82,366
83,640
83,680
83,227
83,685
83,42
83,50
83,52
83,81
83,318
83,364
83,493
83,542
83,570
83,700
83,808
84,16
84,31
84,481
84,506
84,547
84,749
84,260
84,691
84,512
84,608
84,1
84,157
84,205
84,210
84,445
85,33
85,170
85,821
85,901
85,592
85,297
85,625
85,716
85,740
85,858
85,744
85,208
85,631
85,238
85,463
86,369
86,899
86,411
86,40
86,183
86,477
86,723
86,835
86,257
86,182
86,269
86,423
86,961
86,521
86,638
87,167
87,582
87,994
87,106
87,302
87,69
87,184
87,410
87,435
87,533
87,711
87,889
87,457
87,344
87,485
88,386
88,102
88,186
88,39
88,441
88,459
88,588
88,623
88,937
88,424
88,1
88,125
88,445
88,686
88,111
89,503
89,940
89,109
89,147
89,408
89,577
89,978
89,242
89,600
89,116
89,120
89,348
89,551
89,975
89,325
90,387
90,693
90,760
90,453
90,572
90,866
90,287
90,450
90,481
90,943
90,122
90,200
90,845
90,524
90,969
91,484
91,636
91,72
91,534
91,860
91,894
91,399
91,201
91,240
91,329
91,349
91,571
91,607
91,742
91,884
92,129
92,702
92,672
92,925
92,446
92,59
92,136
92,590
92,419
92,892
92,194
92,390
92,611
92,748
92,593
93,197
93,612
93,836
93,816
93,325
93,360
93,648
93,708
93,715
93,921
93,63
93,334
93,240
93,498
93,726
94,100
94,29
94,734
94,965
94,121
94,311
94,316
94,434
94,639
94,216
94,187
94,257
94,735
94,835
94,899
95,68
95,131
95,330
95,405
95,524
95,700
95,82
95,673
95,41
95,570
95,869
95,42
95,116
95,120
95,953
96,826
96,438
96,560
96,140
96,350
96,363
96,491
96,792
96,873
96,966
96,990
96,761
96,165
96,807
96,819
97,216
97,434
97,594
97,766
97,847
97,277
97,312
97,795
97,55
97,187
97,102
97,293
97,649
97,4
97,373
98,567
98,699
98,809
98,804
98,667
98,423
98,253
98,286
98,344
98,642
98,689
98,770
98,176
98,360
98,715
99,144
99,80
99,413
99,789
99,142
99,859
99,637
99,840
99,483
99,104
99,149
99,705
99,736
99,806
99,743
100,94
100,766
100,29
100,734
100,965
100,311
100,316
100,304
100,121
100,434
100,639
100,835
100,899
100,594
100,996
101,30
101,62
101,130
101,292
101,575
101,591
101,867
101,733
101,20
101,741
101,986
101,172
101,276
101,223
101,550
102,520
102,40
102,847
102,179
102,182
102,183
102,88
102,987
102,20
102,369
102,568
102,592
102,777
102,785
102,893
103,223
103,385
103,292
103,142
103,301
103,401
103,853
103,550
103,750
103,575
103,355
103,867
103,896
103,1000
103,49
104,909
104,78
104,563
104,483
104,99
104,528
104,975
104,19
104,256
104,275
104,429
104,637
104,497
104,926
104,89
105,853
105,239
105,912
105,29
105,117
105,594
105,681
105,734
105,315
105,812
105,53
105,721
105,953
105,337
105,750
106,889
106,87
106,410
106,69
106,167
106,184
106,435
106,533
106,582
106,711
106,994
106,719
106,110
106,177
106,825
107,350
107,983
107,274
107,178
107,631
107,294
107,613
107,848
107,134
107,62
107,239
107,452
107,275
107,187
107,354
108,302
108,338
108,737
108,465
108,603
108,23
108,116
108,120
108,189
108,339
108,541
108,554
108,606
108,661
108,796
109,89
109,147
109,408
109,503
109,577
109,940
109,978
109,574
109,603
109,563
109,23
109,156
109,347
109,846
109,890
110,177
110,350
110,554
110,233
110,286
110,290
110,344
110,395
110,432
110,546
110,106
110,560
110,889
110,19
110,178
111,303
111,512
111,18
111,39
111,215
111,314
111,319
111,602
111,698
111,942
111,944
111,749
111,834
111,340
111,419
112,482
112,604
112,832
112,587
112,9
112,268
112,529
112,674
112,776
112,781
112,892
112,777
112,748
112,171
112,61
113,407
113,657
113,833
113,860
113,317
113,360
113,897
113,246
113,499
113,206
113,329
113,166
113,77
113,305
113,32
114,204
114,645
114,747
114,374
114,725
114,728
114,56
114,231
114,565
114,576
114,828
114,928
114,946
114,883
114,680
115,916
115,118
115,559
115,868
115,27
115,17
115,536
115,828
115,84
115,651
115,258
115,335
115,660
115,305
115,884
116,23
116,120
116,603
116,606
116,302
116,931
116,541
116,737
116,108
116,189
116,338
116,339
116,465
116,554
116,661
117,912
117,681
117,35
117,333
117,490
117,790
117,873
117,105
117,317
117,853
117,161
117,826
117,792
117,96
117,271
118,572
118,115
118,559
118,760
118,343
118,374
118,608
118,775
118,159
118,501
118,367
118,90
118,387
118,453
118,693
119,518
119,495
119,273
119,70
119,161
119,795
119,787
119,486
119,61
119,630
119,766
119,790
119,138
119,146
119,165
120,116
120,69
120,939
120,23
120,108
120,189
120,302
120,338
120,339
120,465
120,541
120,554
120,603
120,606
120,661
121,653
121,763
121,813
121,855
121,94
121,100
121,311
121,316
121,639
121,842
121,73
121,784
121,228
121,921
121,27
122,845
122,418
122,602
122,159
122,200
122,501
122,866
122,319
122,760
122,387
122,90
122,478
122,270
122,730
122,51
123,485
123,209
123,560
123,578
123,761
123,502
123,757
123,807
123,819
123,994
123,233
123,350
123,96
123,229
123,411
124,51
124,632
124,10
124,699
124,407
124,924
124,305
124,684
124,327
124,558
124,180
124,472
124,650
124,158
124,995
125,670
125,235
125,671
125,801
125,419
125,431
125,696
125,678
125,63
125,237
125,262
125,676
125,892
125,433
125,88
126,706
126,3
126,172
126,276
126,480
126,507
126,569
126,644
126,854
126,524
126,754
126,28
126,553
126,538
126,321
127,192
127,714
127,442
127,160
127,219
127,340
127,400
127,617
127,623
127,915
127,917
127,541
127,722
127,8
127,138
128,34
128,306
128,767
128,985
128,146
128,673
128,205
128,960
128,805
128,981
128,41
128,869
128,970
128,211
128,678
129,92
129,925
129,672
129,702
129,238
129,496
129,137
129,356
129,446
129,696
129,208
129,214
129,415
129,731
129,59
130,30
130,62
130,101
130,292
130,575
130,32
130,744
130,550
130,591
130,772
130,195
130,527
130,930
130,705
130,276
131,68
131,330
131,95
131,405
131,524
131,700
131,951
131,23
131,364
131,603
131,902
131,52
131,81
131,189
131,338
132,134
132,695
132,274
132,301
132,462
132,793
132,185
132,276
132,221
132,235
132,409
132,701
132,854
132,741
132,20
133,152
133,198
133,391
133,409
133,891
133,167
133,21
133,950
133,962
133,414
133,87
133,274
133,336
133,582
133,731
134,274
134,132
134,676
134,275
134,301
134,462
134,695
134,793
134,107
134,62
134,221
134,235
134,409
134,701
134,110
135,178
135,688
135,555
135,529
135,776
135,794
135,448
135,604
135,803
135,848
135,7
135,790
135,441
135,870
135,548
136,752
136,194
136,148
136,21
136,26
136,208
136,393
136,530
136,651
136,950
136,962
136,59
136,92
136,390
136,244
137,696
137,235
137,336
137,382
137,419
137,709
137,731
137,843
137,892
137,977
137,8
137,863
137,801
137,356
137,446
138,164
138,8
138,719
138,670
138,249
138,234
138,420
138,464
138,722
138,945
138,360
138,696
138,184
138,127
138,192
139,528
139,413
139,831
139,600
139,381
139,927
139,393
139,975
139,155
139,337
139,504
139,651
139,837
139,621
139,926
140,990
140,438
140,96
140,350
140,363
140,491
140,792
140,826
140,873
140,966
140,502
140,468
140,921
140,541
140,787
141,839
141,310
141,880
141,511
141,827
141,844
141,193
141,11
141,604
141,324
141,431
141,470
141,724
141,815
141,46
142,705
142,103
142,736
142,859
142,292
142,982
142,99
142,750
142,149
142,223
142,385
142,806
142,550
142,301
142,337
143,76
143,236
143,341
143,562
143,593
143,712
143,622
143,354
143,373
143,377
143,492
143,655
143,669
143,85
143,518
144,875
144,789
144,147
144,80
144,99
144,637
144,840
144,563
144,85
144,213
144,296
144,500
144,525
144,609
144,610
145,47
145,923
145,882
145,583
145,936
145,881
145,196
145,703
145,756
145,895
145,11
145,313
145,467
145,552
145,647
146,805
146,673
146,128
146,205
146,34
146,41
146,306
146,767
146,869
146,960
146,970
146,981
146,985
146,219
146,234
147,408
147,577
147,796
147,89
147,109
147,503
147,940
147,978
147,144
147,153
147,325
147,729
147,938
147,414
147,421
148,393
148,530
148,752
148,136
148,21
148,26
148,194
148,208
148,651
148,950
148,962
148,946
148,297
148,716
148,468
149,736
149,806
149,859
149,904
149,500
149,609
149,685
149,606
149,746
149,913
149,838
149,142
149,116
149,610
149,875
150,327
150,746
150,206
150,232
150,736
150,558
150,305
150,149
150,251
150,806
150,913
150,222
150,113
150,166
150,809
151,627
151,380
151,230
151,440
151,913
151,817
151,650
151,206
151,218
151,232
151,469
151,180
151,283
151,920
151,225
152,133
152,391
152,891
152,198
152,409
152,962
152,336
152,21
152,950
152,540
152,87
152,167
152,274
152,582
152,731
153,729
153,938
153,388
153,958
153,810
153,974
153,480
153,147
153,408
153,577
153,325
153,16
153,157
153,210
153,405
154,261
154,247
154,633
154,476
154,536
154,481
154,17
154,46
154,54
154,171
154,509
154,549
154,589
154,608
154,780
155,600
155,325
155,793
155,940
155,139
155,408
155,106
155,197
155,391
155,454
155,695
155,778
155,889
155,978
155,133
156,574
156,347
156,890
156,863
156,584
156,266
156,270
156,414
156,526
156,624
156,824
156,834
156,870
156,942
156,409
157,16
157,951
157,941
157,193
157,601
157,960
157,659
157,421
157,597
157,797
157,952
157,1
157,31
157,84
157,153
158,995
158,466
158,532
158,677
158,453
158,959
158,387
158,455
158,615
158,264
158,498
158,128
158,960
158,981
158,327
159,501
159,122
159,200
159,418
159,845
159,866
159,442
159,760
159,343
159,414
159,512
159,545
159,646
159,816
159,836
160,714
160,617
160,915
160,192
160,219
160,623
160,917
160,127
160,340
160,400
160,442
160,670
160,886
160,827
160,970
161,273
161,495
161,70
161,119
161,518
161,795
161,9
161,278
161,674
161,781
161,877
161,199
161,434
161,490
161,117
162,456
162,28
162,352
162,948
162,824
162,803
162,782
162,658
162,525
162,743
162,605
162,769
162,80
162,412
162,563
163,694
163,748
163,755
163,381
163,862
163,927
163,672
163,925
163,504
163,289
163,433
163,702
163,739
163,837
163,168
164,719
164,138
164,464
164,670
164,249
164,8
164,234
164,420
164,722
164,945
164,667
164,523
164,544
164,623
164,774
165,24
165,55
165,585
165,674
165,787
165,9
165,377
165,474
165,492
165,720
165,758
165,765
165,779
165,781
165,96
166,635
166,646
166,836
166,116
166,120
166,340
166,715
166,370
166,809
166,192
166,219
166,361
166,617
166,202
166,714
167,87
167,582
167,994
167,184
167,69
167,106
167,410
167,435
167,533
167,711
167,889
167,737
167,133
167,457
167,931
168,783
168,31
168,324
168,378
168,517
168,815
168,871
168,64
168,538
168,41
168,601
168,433
168,186
168,506
168,673
169,494
169,598
169,907
169,637
169,840
169,475
169,789
169,388
169,447
169,810
169,876
169,456
169,626
169,663
169,909
170,33
170,85
170,821
170,901
170,297
170,625
170,716
170,740
170,858
170,208
170,631
170,148
170,238
170,463
170,496
171,892
171,587
171,952
171,17
171,46
171,54
171,154
171,247
171,261
171,476
171,509
171,536
171,549
171,589
171,608
172,276
172,644
172,3
172,126
172,480
172,507
172,569
172,706
172,330
172,741
172,986
172,618
172,68
172,131
172,799
173,961
173,785
173,868
173,612
173,190
173,726
173,228
173,454
173,25
173,254
173,638
173,641
173,197
173,653
173,174
174,568
174,486
174,611
174,785
174,45
174,229
174,777
174,877
174,879
174,949
174,915
174,519
174,335
174,283
174,40
175,220
175,444
175,11
175,38
175,897
175,397
175,992
175,459
175,588
175,663
175,454
175,778
175,263
175,280
175,283
176,202
176,370
176,548
176,521
176,735
176,835
176,585
176,269
176,471
176,710
176,723
176,955
176,24
176,55
176,96
177,110
177,667
177,233
177,286
177,290
177,344
177,395
177,432
177,546
177,757
177,621
177,998
177,106
177,560
177,889
178,135
178,688
178,652
178,107
178,350
178,631
178,529
178,776
178,74
178,779
178,794
178,110
178,448
178,604
178,803
179,40
179,102
179,182
179,183
179,949
179,373
179,614
179,4
179,415
179,686
179,878
179,229
179,452
179,446
179,893
180,472
180,632
180,650
180,332
180,398
180,9
180,188
180,467
180,469
180,668
180,923
180,539
180,913
180,877
180,124
181,836
181,846
181,466
181,572
181,951
181,956
181,153
181,729
181,361
181,612
181,958
181,726
181,897
181,334
181,675
182,40
182,102
182,179
182,183
182,289
182,4
182,241
182,309
182,315
182,486
182,812
182,877
182,594
182,679
182,229
183,40
183,452
183,852
183,102
183,179
183,182
183,519
183,878
183,86
183,174
183,226
183,279
183,356
183,446
183,486
184,167
184,69
184,87
184,106
184,410
184,435
184,533
184,582
184,711
184,889
184,994
184,465
184,606
184,900
184,138
185,676
185,132
185,301
185,240
185,498
185,648
185,671
185,93
185,197
185,695
185,293
185,29
185,734
185,451
185,369
186,64
186,1
186,445
186,538
186,618
186,678
186,212
186,392
186,88
186,386
186,41
186,168
186,506
186,601
186,673
187,257
187,735
187,835
187,899
187,293
187,107
187,373
187,983
187,97
187,532
187,55
187,599
187,29
187,86
187,94
188,469
188,668
188,280
188,544
188,795
188,632
188,260
188,745
188,487
188,989
188,180
188,398
188,439
188,472
188,650
189,339
189,796
189,886
189,338
189,737
189,23
189,108
189,116
189,120
189,302
189,465
189,541
189,554
189,603
189,606
190,961
190,726
190,173
190,411
190,477
190,921
190,784
190,75
190,763
190,430
190,43
190,269
190,521
190,638
190,479
191,713
191,971
191,587
191,72
191,417
191,708
191,71
191,246
191,368
191,628
191,171
191,952
191,351
191,648
191,615
192,127
192,714
192,219
192,442
192,160
192,340
192,400
192,617
192,623
192,915
192,917
192,970
192,465
192,541
192,620
193,662
193,778
193,16
193,157
193,601
193,941
193,951
193,46
193,141
193,473
193,839
193,146
193,324
193,388
193,547
194,136
194,962
194,21
194,26
194,148
194,208
194,393
194,530
194,651
194,752
194,950
194,740
194,390
194,198
194,858
195,376
195,441
195,754
195,854
195,937
195,338
195,462
195,812
195,416
195,541
195,584
195,624
195,834
195,931
195,802
196,703
196,756
196,882
196,237
196,517
196,282
196,406
196,47
196,989
196,753
196,898
196,844
196,145
196,583
196,428
197,93
197,612
197,969
197,334
197,155
197,454
197,648
197,778
197,836
197,173
197,961
197,360
197,14
197,600
197,228
198,26
198,530
198,950
198,36
198,462
198,287
198,133
198,152
198,391
198,409
198,891
198,605
198,136
198,194
198,526
199,259
199,277
199,312
199,436
199,622
199,630
199,861
199,988
199,698
199,818
199,48
199,161
199,273
199,311
199,316
200,122
200,159
200,418
200,501
200,845
200,866
200,478
200,18
200,215
200,14
200,453
200,59
200,314
200,526
200,730
201,484
201,968
201,936
201,864
201,243
201,431
201,679
201,310
201,406
201,724
201,11
201,263
201,372
201,823
201,881
202,548
202,176
202,370
202,720
202,423
202,363
202,489
202,758
202,934
202,966
202,723
202,471
202,521
202,98
202,228
203,6
203,664
203,211
203,264
203,620
203,225
203,773
203,230
203,326
203,335
203,359
203,367
203,659
203,759
203,960
204,114
204,645
204,828
204,565
204,747
204,725
204,728
204,56
204,231
204,374
204,576
204,928
204,946
204,986
204,883
205,970
205,960
205,146
205,673
205,128
205,767
205,805
205,34
205,41
205,306
205,869
205,981
205,985
205,714
205,1
206,232
206,150
206,327
206,113
206,746
206,305
206,166
206,317
206,10
206,12
206,151
206,627
206,964
206,809
206,370
207,291
207,946
207,707
207,725
207,747
207,389
207,908
207,540
207,114
207,204
207,374
207,828
207,910
207,550
207,690
208,21
208,26
208,136
208,148
208,194
208,393
208,530
208,651
208,752
208,950
208,962
208,33
208,85
208,170
208,821
209,485
209,123
209,578
209,560
209,502
209,757
209,761
209,807
209,819
209,233
209,350
209,96
209,994
209,229
209,411
210,581
210,974
210,56
210,409
210,28
210,287
210,321
210,449
210,450
210,522
210,540
210,553
210,799
210,841
210,885
211,264
211,620
211,531
211,203
211,773
211,6
211,225
211,230
211,326
211,335
211,359
211,367
211,664
211,128
211,73
212,258
212,342
212,660
212,186
212,664
212,17
212,445
212,64
212,6
212,203
212,225
212,261
212,509
212,536
212,659
213,609
213,525
213,282
213,904
213,647
213,529
213,634
213,865
213,144
213,500
213,583
213,610
213,742
213,743
213,789
214,59
214,390
214,856
214,595
214,979
214,36
214,973
214,641
214,75
214,129
214,208
214,702
214,596
214,98
214,925
215,942
215,18
215,314
215,319
215,39
215,111
215,303
215,512
215,602
215,698
215,944
215,200
215,443
215,827
215,419
216,594
216,97
216,434
216,766
216,424
216,70
216,666
216,861
216,954
216,965
216,988
216,94
216,495
216,273
216,842
217,461
217,583
217,922
217,936
217,756
217,22
217,573
217,903
217,511
217,428
217,201
217,324
217,815
217,141
217,310
218,313
218,643
218,235
218,847
218,265
218,982
218,20
218,256
218,12
218,151
218,627
218,618
218,386
218,102
218,829
219,192
219,160
219,714
219,127
219,340
219,400
219,442
219,617
219,623
219,915
219,917
219,985
219,880
219,146
219,234
220,38
220,437
220,887
220,175
220,427
220,768
220,261
220,11
220,823
220,284
220,154
220,247
220,633
220,561
220,481
221,701
221,366
221,906
221,57
221,132
221,134
221,409
221,133
221,155
221,582
221,793
221,504
221,383
221,167
221,889
222,412
222,712
222,562
222,505
222,17
222,925
222,384
222,428
222,514
222,859
222,913
222,982
222,150
222,727
222,561
223,103
223,385
223,401
223,550
223,292
223,301
223,853
223,750
223,101
223,355
223,867
223,896
223,1000
223,49
223,142
224,403
224,874
224,244
224,580
224,291
224,841
224,658
224,859
224,576
224,525
224,483
224,908
224,56
224,885
224,347
225,773
225,230
225,335
225,359
225,203
225,664
225,6
225,211
225,264
225,326
225,367
225,620
225,786
225,680
225,54
226,356
226,446
226,238
226,241
226,309
226,496
226,520
226,852
226,893
226,39
226,437
226,562
226,712
226,40
226,174
227,680
227,83
227,640
227,81
227,50
227,318
227,493
227,42
227,52
227,267
227,364
227,542
227,570
227,685
227,700
228,653
228,921
228,961
228,586
228,688
228,173
228,726
228,202
228,257
228,899
228,197
228,121
228,190
228,763
228,813
229,45
229,486
229,174
229,568
229,777
229,877
229,879
229,949
229,765
229,289
229,377
229,578
229,492
229,911
229,234
230,773
230,225
230,335
230,359
230,620
230,6
230,203
230,211
230,264
230,326
230,367
230,664
230,83
230,227
230,830
231,565
231,728
231,946
231,56
231,114
231,204
231,374
231,576
231,645
231,725
231,747
231,828
231,928
231,287
231,450
232,206
232,150
232,327
232,723
232,964
232,746
232,66
232,423
232,202
232,12
232,151
232,627
232,329
232,466
232,635
233,177
233,286
233,432
233,344
233,110
233,290
233,395
233,546
233,209
233,491
233,108
233,87
233,123
233,167
233,485
234,722
234,420
234,8
234,249
234,464
234,911
234,138
234,164
234,670
234,719
234,945
234,470
234,13
234,307
234,731
235,801
235,125
235,137
235,671
235,918
235,386
235,847
235,614
235,57
235,132
235,134
235,382
235,458
235,8
235,255
236,241
236,76
236,593
236,143
236,341
236,562
236,712
236,944
236,633
236,887
236,259
236,309
236,4
236,765
236,672
237,683
237,255
237,431
237,57
237,433
237,470
237,358
237,724
237,832
237,839
237,844
237,945
237,366
237,517
237,125
238,496
238,226
238,241
238,309
238,356
238,446
238,520
238,852
238,893
238,901
238,436
238,861
238,129
238,33
238,43
239,105
239,853
239,706
239,107
239,983
239,35
239,929
239,452
239,707
239,53
239,721
239,294
239,613
239,848
239,274
240,957
240,648
240,498
240,708
240,399
240,36
240,237
240,366
240,595
240,683
240,906
240,932
240,93
240,185
240,72
241,236
241,309
241,226
241,238
241,356
241,446
241,496
241,520
241,852
241,893
241,944
241,633
241,887
241,76
241,593
242,416
242,89
242,927
242,465
242,511
242,504
242,116
242,120
242,503
242,603
242,399
242,701
242,906
242,967
242,299
243,679
243,380
243,857
243,864
243,833
243,935
243,201
243,998
243,160
243,765
243,331
243,759
243,968
243,6
243,203
244,599
244,654
244,933
244,448
244,354
244,468
244,631
244,803
244,136
244,48
244,740
244,858
244,59
244,438
244,491
245,281
245,404
245,855
245,884
245,984
245,514
245,304
245,250
245,580
245,822
245,872
245,894
245,115
245,559
245,308
246,77
246,368
246,775
246,808
246,570
246,318
246,499
246,81
246,191
246,264
246,367
246,713
246,971
246,995
246,98
247,154
247,261
247,633
247,6
247,509
247,17
247,46
247,54
247,171
247,476
247,536
247,549
247,589
247,608
247,780
248,455
248,687
248,956
248,732
248,1
248,445
248,480
248,507
248,615
248,677
248,760
248,376
248,287
248,293
248,704
249,719
249,945
249,164
249,138
249,234
249,8
249,420
249,464
249,670
249,722
249,739
249,340
249,862
249,392
249,433
250,872
250,888
250,514
250,768
250,284
250,512
250,479
250,727
250,245
250,881
250,972
250,260
250,427
250,818
250,968
251,296
251,404
251,254
251,150
251,327
251,428
251,746
251,71
251,191
251,713
251,971
251,648
251,907
251,997
251,466
252,353
252,475
252,227
252,535
252,958
252,267
252,680
252,798
252,56
252,83
252,515
252,576
252,640
252,675
252,374
253,642
253,689
253,770
253,804
253,523
253,544
253,611
253,667
253,739
253,774
253,862
253,911
253,344
253,568
253,777
254,852
254,638
254,641
254,489
254,710
254,404
254,430
254,868
254,973
254,856
254,25
254,173
254,961
254,208
254,969
255,358
255,431
255,237
255,470
255,57
255,433
255,683
255,724
255,832
255,839
255,164
255,454
255,464
255,648
255,719
256,573
256,22
256,440
256,552
256,218
256,78
256,104
256,265
256,909
256,516
256,564
256,717
256,951
256,458
256,918
257,735
257,835
257,187
257,899
257,176
257,596
257,734
257,965
257,86
257,228
257,370
257,537
257,29
257,94
257,100
258,660
258,335
258,916
258,212
258,342
258,519
258,283
258,54
258,225
258,230
258,359
258,476
258,515
258,535
258,587
259,622
259,76
259,199
259,277
259,312
259,436
259,630
259,861
259,988
259,309
259,328
259,594
259,236
259,593
259,702
260,691
260,818
260,626
260,84
260,188
260,745
260,284
260,288
260,684
260,915
260,782
260,887
260,611
260,250
260,384
261,154
261,247
261,633
261,476
261,509
261,536
261,17
261,46
261,54
261,171
261,549
261,589
261,608
261,780
261,883
262,63
262,13
262,307
262,392
262,454
262,458
262,778
262,918
262,717
262,590
262,443
262,348
262,551
262,125
262,419
263,484
263,823
263,11
263,378
263,283
263,322
263,437
263,650
263,587
263,753
263,786
263,830
263,30
263,555
263,517
264,367
264,211
264,620
264,203
264,773
264,6
264,225
264,230
264,326
264,335
264,359
264,664
264,128
264,34
264,306
265,903
265,982
265,218
265,256
265,275
265,440
265,972
265,88
265,686
265,424
265,216
265,342
265,829
265,878
265,643
266,270
266,824
266,870
266,526
266,347
266,156
266,414
266,574
266,584
266,624
266,834
266,863
266,890
266,391
266,943
267,628
267,227
267,299
267,345
267,535
267,556
267,357
267,252
267,871
267,82
267,800
267,56
267,72
267,83
267,374
268,655
268,987
268,669
268,674
268,586
268,616
268,847
268,9
268,112
268,781
268,670
268,842
268,590
268,24
268,424
269,521
269,710
269,723
269,955
269,411
269,477
269,25
269,423
269,849
269,819
269,973
269,176
269,761
269,807
269,471
270,266
270,824
270,870
270,156
270,347
270,414
270,526
270,574
270,584
270,624
270,834
270,863
270,890
270,940
270,287
271,379
271,394
271,649
271,48
271,35
271,53
271,278
271,555
271,652
271,366
271,117
271,328
271,800
271,912
271,5
272,838
272,963
272,32
272,825
272,610
272,401
272,914
272,890
272,642
272,625
272,758
272,19
272,10
272,305
272,352
273,161
273,495
273,119
273,70
273,518
273,795
273,781
273,490
273,9
273,674
273,879
273,199
273,434
273,492
273,377
274,134
274,107
274,676
274,132
274,301
274,462
274,695
274,793
274,62
274,376
274,275
274,74
274,87
274,133
274,152
275,19
275,134
275,62
275,274
275,107
275,510
275,78
275,104
275,265
275,429
275,909
275,867
275,101
275,591
275,741
276,172
276,3
276,126
276,480
276,507
276,569
276,644
276,706
276,986
276,330
276,741
276,132
276,591
276,68
276,131
277,312
277,988
277,861
277,199
277,259
277,436
277,622
277,630
277,341
277,893
277,7
277,27
277,97
277,362
277,795
278,666
278,61
278,328
278,954
278,161
278,271
278,436
278,842
278,766
278,482
278,861
278,312
278,830
278,112
278,604
279,289
279,482
279,566
279,486
279,694
279,755
279,40
279,174
279,183
279,226
279,356
279,446
279,61
279,832
279,238
280,283
280,332
280,460
280,539
280,833
280,188
280,544
280,795
280,326
280,620
280,183
280,205
280,668
280,960
280,970
281,404
281,245
281,308
281,499
281,605
281,641
281,304
281,638
281,884
281,984
281,90
281,387
281,579
281,693
281,769
282,583
282,882
282,213
282,196
282,703
282,783
282,511
282,428
282,756
282,505
282,643
282,751
282,817
282,378
282,517
283,335
283,280
283,332
283,460
283,539
283,833
283,915
283,611
283,174
283,568
283,380
283,920
283,258
283,660
283,263
284,427
284,768
284,968
284,512
284,887
284,883
284,220
284,250
284,260
284,782
284,419
284,171
284,38
284,437
284,514
285,323
285,718
285,691
285,727
285,51
285,10
285,60
285,984
285,579
285,305
285,352
285,36
285,595
285,214
285,973
286,344
286,177
286,233
286,432
286,110
286,290
286,395
286,546
286,5
286,98
286,253
286,642
286,689
286,770
286,804
287,450
287,943
287,26
287,605
287,198
287,28
287,210
287,321
287,449
287,522
287,540
287,553
287,581
287,799
287,841
288,300
288,396
288,626
288,260
288,684
288,683
288,322
288,320
288,598
288,907
288,1000
288,267
288,15
288,82
288,355
289,279
289,482
289,566
289,765
289,229
289,182
289,163
289,328
289,433
289,241
289,309
289,375
289,850
289,45
289,486
290,395
290,790
290,567
290,110
290,177
290,233
290,286
290,344
290,432
290,546
290,184
290,502
290,757
290,806
290,148
291,207
291,576
291,908
291,910
291,56
291,841
291,828
291,928
291,885
291,707
291,591
291,821
291,902
291,580
291,584
292,30
292,62
292,101
292,130
292,575
292,947
292,550
292,103
292,385
292,142
292,223
292,867
292,741
292,750
292,322
293,187
293,956
293,386
293,635
293,846
293,532
293,916
293,97
293,39
293,120
293,369
293,820
293,185
293,248
293,455
294,107
294,613
294,848
294,983
294,878
294,468
294,990
294,140
294,519
294,899
294,966
294,20
294,543
294,425
294,244
295,643
295,579
295,558
295,257
295,12
295,60
295,296
295,455
295,735
295,835
295,924
295,704
295,718
295,94
295,732
296,763
296,997
296,751
296,789
296,251
296,402
296,144
296,295
296,579
296,190
296,964
296,404
296,466
296,746
296,254
297,716
297,21
297,807
297,929
297,33
297,85
297,170
297,625
297,740
297,821
297,858
297,901
297,624
297,148
297,393
298,458
298,381
298,590
298,662
298,837
298,454
298,778
298,523
298,544
298,667
298,686
298,774
298,954
298,420
298,496
299,345
299,645
299,416
299,267
299,556
299,628
299,42
299,700
299,828
299,871
299,953
299,450
299,885
299,242
299,947
300,288
300,396
300,322
300,658
300,810
300,320
300,598
300,907
300,993
300,271
300,267
300,788
300,15
300,82
300,355
301,132
301,134
301,274
301,462
301,695
301,793
301,891
301,533
301,337
301,621
301,853
301,185
301,435
301,600
301,177
302,108
302,338
302,737
302,23
302,68
302,116
302,603
302,606
302,87
302,120
302,189
302,339
302,465
302,541
302,554
303,111
303,843
303,549
303,18
303,39
303,215
303,314
303,319
303,512
303,602
303,698
303,942
303,944
303,852
303,749
304,100
304,656
304,996
304,281
304,245
304,822
304,894
304,972
304,636
304,732
304,103
304,223
304,308
304,385
304,404
305,684
305,10
305,635
305,963
305,691
305,115
305,150
305,124
305,558
305,206
305,500
305,113
305,60
305,272
305,285
306,34
306,128
306,767
306,985
306,970
306,41
306,146
306,205
306,673
306,805
306,869
306,960
306,981
306,264
306,367
307,13
307,63
307,262
307,392
307,454
307,458
307,778
307,918
307,731
307,234
307,473
307,662
307,336
307,420
307,431
308,499
308,329
308,809
308,281
308,398
308,404
308,333
308,684
308,246
308,368
308,539
308,49
308,245
308,304
308,371
309,241
309,226
309,238
309,356
309,446
309,496
309,520
309,852
309,893
309,76
309,259
309,236
309,593
309,672
309,702
310,880
310,141
310,511
310,827
310,844
310,473
310,324
310,431
310,470
310,724
310,815
310,839
310,219
310,319
310,602
311,316
311,27
311,362
311,980
311,100
311,48
311,94
311,121
311,199
311,639
311,53
311,390
311,596
311,430
311,478
312,277
312,436
312,199
312,259
312,622
312,630
312,861
312,988
312,341
312,362
312,666
312,382
312,893
312,7
312,27
313,829
313,745
313,218
313,923
313,727
313,60
313,552
313,125
313,47
313,145
313,467
313,691
313,750
313,903
313,342
314,18
314,215
314,870
314,39
314,111
314,303
314,319
314,512
314,602
314,698
314,942
314,944
314,378
314,453
314,419
315,812
315,20
315,452
315,527
315,543
315,592
315,802
315,337
315,182
315,975
315,105
315,301
315,853
315,299
315,496
316,311
316,362
316,27
316,980
316,53
316,100
316,48
316,94
316,121
316,199
316,639
316,200
316,596
316,537
316,430
317,471
317,351
317,734
317,813
317,29
317,370
317,117
317,681
317,912
317,113
317,360
317,362
317,653
317,809
317,980
318,81
318,570
318,808
318,52
318,680
318,700
318,50
318,227
318,493
318,42
318,83
318,364
318,542
318,640
318,685
319,602
319,215
319,942
319,18
319,39
319,111
319,303
319,314
319,512
319,698
319,944
319,731
319,336
319,122
319,845
320,629
320,649
320,401
320,762
320,895
320,914
320,939
320,733
320,409
320,288
320,300
320,396
320,607
320,742
320,49
321,28
321,449
321,553
321,905
321,943
321,522
321,974
321,210
321,287
321,450
321,540
321,581
321,799
321,841
321,885
322,733
322,772
322,947
322,908
322,823
322,62
322,263
322,82
322,300
322,742
322,906
322,267
322,357
322,292
322,534
323,285
323,51
323,60
323,718
323,200
323,478
323,984
323,10
323,305
323,352
323,691
323,727
323,559
323,453
323,281
324,815
324,31
324,168
324,378
324,517
324,783
324,532
324,141
324,310
324,880
324,74
324,146
324,193
324,547
324,967
325,155
325,600
325,940
325,147
325,408
325,577
325,153
325,353
325,93
325,184
325,89
325,503
325,109
325,388
325,488
326,620
326,46
326,6
326,203
326,211
326,225
326,230
326,264
326,335
326,359
326,367
326,664
326,773
326,642
326,758
327,150
327,746
327,206
327,232
327,913
327,158
327,124
327,149
327,251
327,736
327,806
327,10
327,995
327,498
327,849
328,61
328,278
328,666
328,954
328,259
328,289
328,594
328,880
328,271
328,163
328,161
328,216
328,394
328,112
328,604
329,308
329,539
329,809
329,956
329,113
329,407
329,499
329,657
329,466
329,635
329,91
329,243
329,349
329,380
329,426
330,68
330,131
330,95
330,405
330,524
330,172
330,276
330,685
330,23
330,364
330,603
330,466
330,799
330,869
330,981
331,759
331,340
331,665
331,920
331,664
331,6
331,203
331,833
331,561
331,225
331,359
331,41
331,243
331,673
331,902
332,539
332,460
332,280
332,283
332,833
332,34
332,920
332,180
332,689
332,682
332,869
332,981
332,243
332,331
332,380
333,35
333,117
333,490
333,681
333,790
333,912
333,954
333,70
333,351
333,721
333,560
333,450
333,630
333,110
333,177
334,816
334,361
334,836
334,846
334,459
334,588
334,577
334,197
334,866
334,940
334,93
334,551
334,653
334,90
334,200
335,258
335,660
335,283
335,225
335,230
335,359
335,773
335,915
335,6
335,203
335,211
335,264
335,326
335,367
335,620
336,731
336,843
336,137
336,382
336,419
336,696
336,709
336,892
336,977
336,602
336,319
336,152
336,722
336,724
336,962
337,21
337,425
337,621
337,301
337,315
337,812
337,139
337,504
337,528
337,651
337,927
337,681
337,297
337,807
337,105
338,737
338,108
338,302
338,189
338,465
338,339
338,541
338,900
338,52
338,23
338,116
338,120
338,554
338,603
338,606
339,189
339,796
339,886
339,737
339,338
339,606
339,900
339,23
339,108
339,116
339,120
339,302
339,465
339,541
339,554
340,617
340,331
340,127
340,160
340,192
340,219
340,400
340,442
340,623
340,714
340,915
340,917
340,249
340,111
340,41
341,593
341,76
341,143
341,236
341,562
341,712
341,312
341,277
341,520
341,893
341,489
341,720
341,758
341,847
341,987
342,212
342,258
342,660
342,73
342,211
342,678
342,531
342,353
342,538
342,79
342,171
342,264
342,564
342,620
342,618
343,545
343,846
343,399
343,730
343,554
343,615
343,708
343,118
343,159
343,501
343,646
343,816
343,836
343,74
343,572
344,286
344,233
344,395
344,432
344,546
344,110
344,177
344,290
344,87
344,253
344,485
344,603
344,98
344,425
344,642
345,299
345,267
345,556
345,628
345,953
345,871
345,947
345,42
345,700
345,828
345,231
345,364
345,753
345,786
345,788
346,452
346,948
346,851
346,451
346,557
346,896
346,441
346,937
346,695
346,793
346,621
346,510
346,848
346,275
346,907
347,156
347,574
347,890
347,863
347,266
347,834
347,270
347,414
347,526
347,584
347,624
347,824
347,870
347,799
347,409
348,551
348,443
348,421
348,459
348,473
348,588
348,597
348,392
348,601
348,262
348,89
348,340
348,503
348,512
348,844
349,571
349,884
349,697
349,422
349,44
349,771
349,996
349,656
349,822
349,855
349,897
349,91
349,93
349,329
349,397
350,107
350,178
350,631
350,779
350,110
350,96
350,140
350,363
350,438
350,491
350,792
350,826
350,873
350,966
350,990
351,681
351,317
351,471
351,646
351,70
351,333
351,653
351,965
351,25
351,929
351,191
351,567
351,699
351,176
351,202
352,56
352,210
352,409
352,599
352,162
352,456
352,658
352,605
352,39
352,626
352,769
352,939
352,272
352,285
352,323
353,252
353,475
353,73
353,531
353,342
353,958
353,325
353,79
353,556
353,928
353,564
353,628
353,388
353,680
353,114
354,448
354,468
354,933
354,244
354,599
354,631
354,654
354,803
354,929
354,740
354,962
354,107
354,143
354,350
354,983
355,15
355,707
355,385
355,919
355,745
355,791
355,575
355,103
355,223
355,3
355,288
355,300
355,396
355,447
355,569
356,446
356,226
356,893
356,238
356,241
356,309
356,496
356,520
356,852
356,137
356,696
356,562
356,712
356,129
356,40
357,5
357,692
357,504
357,619
357,629
357,927
357,366
357,267
357,555
357,652
357,906
357,208
357,413
357,831
357,82
358,255
358,433
358,57
358,237
358,431
358,470
358,683
358,724
358,832
358,839
358,464
358,164
358,454
358,648
358,719
359,225
359,230
359,335
359,773
359,6
359,203
359,211
359,264
359,326
359,367
359,620
359,664
359,680
359,920
359,515
360,715
360,457
360,498
360,932
360,670
360,138
360,696
360,646
360,8
360,93
360,184
360,708
360,98
360,87
360,164
361,836
361,816
361,334
361,846
361,75
361,399
361,181
361,675
361,408
361,418
361,730
361,166
361,459
361,503
361,588
362,27
362,316
362,311
362,980
362,471
362,312
362,811
362,489
362,7
362,277
362,868
362,436
362,653
362,734
362,317
363,966
363,96
363,140
363,350
363,438
363,491
363,792
363,826
363,873
363,990
363,795
363,489
363,487
363,202
363,548
364,42
364,50
364,52
364,81
364,83
364,227
364,318
364,493
364,542
364,570
364,640
364,680
364,685
364,700
364,808
365,842
365,655
365,669
365,70
365,594
365,622
365,763
365,43
365,13
365,616
365,495
365,766
365,119
365,61
365,662
366,906
366,221
366,701
366,5
366,357
366,237
366,891
366,416
366,396
366,69
366,240
366,410
366,462
366,683
366,957
367,264
367,779
367,6
367,203
367,211
367,225
367,230
367,326
367,335
367,359
367,620
367,664
367,773
367,469
367,632
368,246
368,77
368,775
368,971
368,81
368,191
368,264
368,318
368,367
368,570
368,713
368,808
368,953
368,680
368,225
369,86
369,20
369,102
369,423
369,592
369,726
369,868
369,835
369,638
369,820
369,955
369,973
369,293
369,734
369,187
370,176
370,202
370,548
370,317
370,765
370,873
370,813
370,166
370,809
370,9
370,257
370,25
370,269
370,351
370,411
371,49
371,914
371,401
371,487
371,508
371,762
371,609
371,998
371,385
371,81
371,426
371,32
371,935
371,976
371,792
372,881
372,895
372,514
372,935
372,168
372,47
372,871
372,888
372,872
372,163
372,433
372,201
372,406
372,484
372,936
373,424
373,4
373,519
373,847
373,878
373,179
373,107
373,143
373,187
373,377
373,492
373,655
373,669
373,983
373,434
374,114
374,576
374,728
374,928
374,56
374,204
374,231
374,565
374,645
374,725
374,747
374,828
374,946
374,227
374,608
375,383
375,555
375,652
375,794
375,529
375,527
375,850
375,740
375,776
375,543
375,858
375,289
375,761
375,901
375,649
376,462
376,983
376,814
376,195
376,441
376,754
376,854
376,937
376,3
376,274
376,569
376,644
376,950
376,108
376,302
377,492
377,765
377,585
377,9
377,24
377,55
377,165
377,474
377,674
377,720
377,758
377,779
377,781
377,787
377,229
378,783
378,31
378,168
378,324
378,517
378,815
378,263
378,314
378,484
378,453
378,511
378,827
378,538
378,678
378,959
379,394
379,271
379,649
379,61
379,790
379,688
379,468
379,776
379,666
379,619
379,629
379,35
379,772
379,135
379,178
380,243
380,857
380,864
380,283
380,398
380,230
380,397
380,484
380,888
380,151
380,469
380,920
380,444
380,225
380,335
381,837
381,672
381,298
381,590
381,662
381,139
381,163
381,392
381,528
381,702
381,739
381,862
381,925
381,253
381,755
382,977
382,731
382,137
382,336
382,419
382,696
382,709
382,843
382,892
382,942
382,57
382,698
382,944
382,312
382,893
383,375
383,555
383,652
383,794
383,504
383,20
383,592
383,625
383,975
383,221
383,701
383,776
383,170
383,394
383,812
384,727
384,412
384,514
384,561
384,506
384,17
384,888
384,260
384,691
384,818
384,222
384,250
384,782
384,872
384,51
385,103
385,223
385,292
385,371
385,976
385,550
385,355
385,49
385,762
385,750
385,580
385,972
385,867
385,896
385,1000
386,88
386,400
386,235
386,618
386,770
386,186
386,293
386,698
386,942
386,944
386,671
386,551
386,219
386,421
386,686
387,90
387,693
387,453
387,572
387,760
387,866
387,2
387,418
387,287
387,450
387,481
387,943
387,122
387,158
387,455
388,153
388,729
388,938
388,940
388,958
388,540
388,3
388,644
388,503
388,507
388,475
388,978
388,74
388,193
388,569
389,58
389,769
389,946
389,207
389,725
389,747
389,574
389,580
389,605
389,744
389,762
389,908
389,930
389,456
389,540
390,59
390,214
390,856
390,136
390,784
390,194
390,638
390,14
390,430
390,478
390,92
390,311
390,200
390,148
390,559
391,891
391,152
391,133
391,198
391,409
391,266
391,526
391,752
391,889
391,695
391,969
391,14
391,26
391,270
391,824
392,433
392,551
392,13
392,63
392,262
392,307
392,454
392,458
392,778
392,918
392,348
392,381
392,837
392,186
392,249
393,148
393,530
393,752
393,21
393,26
393,136
393,194
393,208
393,651
393,950
393,962
393,139
393,716
393,425
393,858
394,379
394,271
394,649
394,61
394,790
394,529
394,383
394,853
394,490
394,619
394,629
394,328
394,811
394,135
394,178
395,290
395,344
395,110
395,177
395,233
395,286
395,432
395,546
395,502
395,425
395,184
395,757
395,148
395,393
395,530
396,288
396,300
396,366
396,598
396,406
396,267
396,5
396,357
396,322
396,320
396,907
396,15
396,82
396,355
396,447
397,444
397,992
397,380
397,484
397,941
397,515
397,798
397,857
397,175
397,479
397,659
397,22
397,552
397,601
397,201
398,439
398,935
398,857
398,380
398,264
398,308
398,499
398,881
398,972
398,49
398,888
398,474
398,180
398,665
398,923
399,730
399,343
399,545
399,240
399,957
399,72
399,361
399,416
399,844
399,242
399,845
399,122
399,511
399,836
399,816
400,981
400,917
400,127
400,160
400,192
400,219
400,340
400,442
400,617
400,623
400,714
400,915
400,386
400,942
400,869
401,914
401,49
401,371
401,487
401,998
401,223
401,320
401,762
401,610
401,499
401,935
401,177
401,103
401,580
401,286
402,771
402,44
402,996
402,67
402,684
402,422
402,810
402,656
402,697
402,822
402,855
402,296
402,571
402,447
402,732
403,224
403,859
403,762
403,828
403,525
403,483
403,791
403,874
403,522
403,651
403,104
403,142
403,743
403,658
403,908
404,281
404,254
404,245
404,489
404,308
404,499
404,605
404,251
404,487
404,852
404,884
404,984
404,90
404,387
404,579
405,661
405,68
405,95
405,131
405,330
405,524
405,646
405,807
405,681
405,50
405,52
405,465
405,541
405,554
405,606
406,936
406,895
406,818
406,396
406,196
406,201
406,745
406,372
406,881
406,67
406,188
406,260
406,288
406,300
406,469
407,113
407,657
407,283
407,124
407,534
407,558
407,521
407,471
407,329
407,932
407,32
407,280
407,332
407,460
407,539
408,147
408,577
408,978
408,89
408,109
408,503
408,940
408,937
408,153
408,325
408,729
408,938
408,155
408,926
408,414
409,69
409,210
409,133
409,152
409,198
409,391
409,891
409,56
409,599
409,352
409,156
409,347
409,574
409,890
409,132
410,994
410,69
410,106
410,533
410,87
410,167
410,184
410,435
410,582
410,711
410,889
410,931
410,546
410,366
410,462
411,477
411,269
411,723
411,521
411,955
411,25
411,423
411,710
411,849
411,457
411,86
411,699
411,123
411,190
411,209
412,782
412,222
412,514
412,898
412,384
412,703
412,561
412,505
412,691
412,727
412,319
412,162
412,196
412,718
412,756
413,831
413,139
413,528
413,425
413,463
413,5
413,75
413,208
413,357
413,99
413,381
413,927
413,252
413,43
413,136
414,863
414,824
414,834
414,156
414,266
414,270
414,347
414,526
414,574
414,584
414,624
414,870
414,890
414,210
414,581
415,686
415,614
415,179
415,129
415,621
415,590
415,4
415,878
415,40
415,102
415,125
415,182
415,183
415,235
415,671
416,299
416,242
416,885
416,82
416,366
416,800
416,906
416,195
416,399
416,584
416,624
416,834
416,844
416,931
416,450
417,72
417,191
417,713
417,971
417,959
417,556
417,559
417,71
417,730
417,860
417,675
417,615
417,991
417,850
417,77
418,122
418,845
418,159
418,200
418,501
418,866
418,387
418,693
418,319
418,602
418,730
418,111
418,361
418,59
418,214
419,892
419,137
419,336
419,382
419,696
419,709
419,731
419,843
419,977
419,670
419,125
419,111
419,18
419,92
419,215
420,234
420,722
420,442
420,458
420,8
420,138
420,164
420,249
420,464
420,670
420,719
420,945
420,539
420,219
420,911
421,597
421,473
421,588
421,348
421,443
421,459
421,551
421,512
421,16
421,157
421,127
421,147
421,192
421,408
421,442
422,855
422,697
422,656
422,822
422,44
422,894
422,402
422,349
422,771
422,897
422,976
422,447
422,571
422,996
422,181
423,723
423,25
423,269
423,411
423,477
423,521
423,710
423,849
423,955
423,726
423,961
423,98
423,202
423,548
423,369
424,373
424,847
424,4
424,519
424,878
424,40
424,586
424,216
424,474
424,604
424,779
424,787
424,848
424,102
424,88
425,337
425,621
425,393
425,395
425,413
425,148
425,290
425,344
425,530
425,619
425,629
425,752
425,480
425,543
425,294
426,508
426,769
426,998
426,857
426,896
426,570
426,371
426,914
426,106
426,742
426,864
426,904
426,81
426,318
426,808
427,768
427,284
427,968
427,38
427,769
427,857
427,220
427,444
427,247
427,864
427,154
427,261
427,633
427,250
427,437
428,982
428,882
428,913
428,282
428,583
428,694
428,279
428,196
428,222
428,251
428,217
428,31
428,47
428,832
428,755
429,19
429,909
429,557
429,83
429,227
429,410
429,96
429,78
429,104
429,275
429,440
429,914
429,609
429,910
429,640
430,254
430,638
430,641
430,868
430,973
430,740
430,59
430,390
430,738
430,856
430,849
430,850
430,858
430,921
430,14
431,470
431,724
431,839
431,255
431,237
431,696
431,57
431,358
431,433
431,683
431,832
431,670
431,125
431,141
431,310
432,546
432,233
432,286
432,344
432,819
432,110
432,177
432,290
432,395
432,490
432,711
432,339
432,136
432,194
432,611
433,358
433,237
433,57
433,392
433,255
433,431
433,470
433,683
433,724
433,832
433,839
433,163
433,289
433,168
433,249
434,97
434,216
434,594
434,766
434,436
434,94
434,100
434,161
434,199
434,273
434,312
434,495
434,678
434,373
434,424
435,533
435,69
435,87
435,106
435,167
435,184
435,410
435,582
435,711
435,889
435,994
435,116
435,120
435,873
435,338
436,861
436,312
436,199
436,259
436,277
436,622
436,630
436,988
436,434
436,842
436,238
436,53
436,278
436,666
436,496
437,38
437,220
437,887
437,39
437,226
437,56
437,263
437,283
437,823
437,908
437,54
437,476
437,55
437,749
437,284
438,491
438,792
438,140
438,96
438,350
438,363
438,826
438,873
438,966
438,990
438,546
438,781
438,529
438,933
438,490
439,650
439,398
439,935
439,864
439,479
439,487
439,484
439,460
439,806
439,188
439,243
439,380
439,469
439,668
439,857
440,627
440,256
440,670
440,674
440,913
440,151
440,989
440,161
440,22
440,19
440,265
440,429
440,632
440,188
440,923
441,870
441,937
441,195
441,376
441,754
441,854
441,30
441,695
441,793
441,88
441,266
441,270
441,824
441,825
441,940
442,127
442,192
442,714
442,420
442,160
442,219
442,340
442,400
442,617
442,623
442,915
442,917
442,539
442,159
442,501
443,348
443,63
443,421
443,459
443,473
443,551
443,588
443,597
443,18
443,511
443,215
443,262
443,590
443,79
443,160
444,397
444,992
444,175
444,427
444,857
444,663
444,479
444,380
444,968
444,571
444,768
444,586
444,67
444,459
444,588
445,1
445,186
445,618
445,678
445,64
445,538
445,970
445,212
445,671
445,16
445,31
445,84
445,157
445,205
445,248
446,356
446,226
446,238
446,241
446,309
446,496
446,520
446,852
446,893
446,92
446,593
446,137
446,696
446,562
446,712
447,67
447,810
447,976
447,44
447,563
447,422
447,169
447,789
447,15
447,288
447,300
447,355
447,396
447,402
447,658
448,803
448,244
448,354
448,933
448,468
448,599
448,631
448,654
448,721
448,53
448,537
448,135
448,178
448,688
448,848
449,841
449,28
449,321
449,553
449,905
449,974
449,210
449,287
449,450
449,522
449,540
449,581
449,799
449,885
449,943
450,885
450,287
450,943
450,645
450,547
450,28
450,210
450,321
450,449
450,522
450,540
450,553
450,581
450,799
450,841
451,738
451,185
451,2
451,66
451,346
451,29
451,734
451,704
451,369
451,687
451,835
451,820
451,12
451,295
451,60
452,183
452,20
452,315
452,527
452,543
452,592
452,802
452,812
452,107
452,983
452,346
452,123
452,179
452,209
452,485
453,90
453,387
453,572
453,693
453,760
453,314
453,378
453,200
453,559
453,28
453,158
453,321
453,449
453,553
453,905
454,778
454,612
454,683
454,16
454,785
454,13
454,63
454,262
454,307
454,392
454,458
454,918
454,992
454,298
454,459
455,248
455,687
455,956
455,158
455,387
455,615
455,735
455,293
455,704
455,916
455,257
455,835
455,369
455,1
455,3
456,162
456,626
456,28
456,352
456,658
456,824
456,948
456,605
456,803
456,769
456,791
456,389
456,580
456,51
456,169
457,360
457,498
457,715
457,932
457,87
457,167
457,411
457,477
457,234
457,420
457,582
457,722
457,994
457,945
457,532
458,918
458,298
458,420
458,13
458,63
458,262
458,307
458,392
458,454
458,778
458,57
458,235
458,382
458,612
458,442
459,588
459,348
459,421
459,443
459,473
459,551
459,597
459,334
459,623
459,454
459,778
459,39
459,88
459,319
459,714
460,332
460,833
460,280
460,283
460,539
460,864
460,657
460,759
460,920
460,439
460,219
460,857
460,234
460,722
460,911
461,217
461,922
461,31
461,683
461,22
461,47
461,573
461,903
461,372
461,871
461,168
461,433
461,163
461,289
461,328
462,376
462,198
462,132
462,134
462,274
462,301
462,695
462,793
462,983
462,36
462,195
462,69
462,366
462,410
462,891
463,488
463,975
463,819
463,821
463,413
463,831
463,33
463,43
463,85
463,170
463,555
463,652
463,761
463,802
463,807
464,164
464,719
464,670
464,234
464,8
464,138
464,249
464,420
464,722
464,945
464,358
464,128
464,523
464,544
464,623
465,541
465,900
465,554
465,606
465,661
465,814
465,108
465,338
465,603
465,23
465,116
465,120
465,189
465,302
465,339
466,158
466,532
466,677
466,995
466,710
466,635
466,68
466,131
466,181
466,330
466,572
466,869
466,956
466,981
466,363
467,472
467,923
467,829
467,668
467,494
467,876
467,597
467,814
467,180
467,632
467,650
467,989
467,15
467,280
467,10
468,354
468,244
468,448
468,599
468,631
468,654
468,803
468,933
468,716
468,140
468,294
468,537
468,297
468,148
468,562
469,632
469,818
469,188
469,668
469,367
469,779
469,650
469,380
469,283
469,180
469,398
469,439
469,472
469,935
469,920
470,431
470,724
470,839
470,255
470,237
470,57
470,358
470,433
470,683
470,832
470,234
470,731
470,722
470,141
470,310
471,317
471,351
471,362
471,176
471,723
471,955
471,202
471,269
471,521
471,710
471,273
471,639
471,653
471,734
471,35
472,180
472,467
472,632
472,650
472,15
472,944
472,188
472,469
472,668
472,923
472,332
472,539
472,913
472,124
472,384
473,421
473,348
473,443
473,459
473,551
473,588
473,597
473,310
473,880
473,13
473,193
473,307
473,655
473,141
473,219
474,779
474,787
474,781
474,9
474,24
474,55
474,165
474,377
474,492
474,585
474,674
474,720
474,758
474,765
474,45
475,497
475,252
475,353
475,388
475,493
475,542
475,725
475,747
475,946
475,926
475,52
475,717
475,978
475,515
475,516
476,54
476,536
476,154
476,261
476,749
476,17
476,46
476,171
476,247
476,509
476,549
476,589
476,608
476,633
476,780
477,411
477,955
477,269
477,723
477,521
477,25
477,423
477,710
477,849
477,457
477,86
477,123
477,190
477,209
477,229
478,14
478,595
478,969
478,36
478,200
478,59
478,390
478,198
478,419
478,498
478,676
478,892
478,957
478,122
478,430
479,751
479,67
479,439
479,444
479,573
479,514
479,250
479,881
479,190
479,365
479,397
479,992
479,898
479,193
479,372
480,507
480,3
480,644
480,126
480,172
480,276
480,569
480,706
480,729
480,581
480,153
480,938
480,1
480,210
480,248
481,506
481,749
481,154
481,84
481,547
481,34
481,39
481,247
481,261
481,633
481,90
481,128
481,287
481,306
481,387
482,112
482,587
482,777
482,832
482,279
482,289
482,566
482,807
482,43
482,238
482,496
482,555
482,652
482,237
482,278
483,764
483,78
483,500
483,874
483,992
483,1000
483,16
483,99
483,104
483,909
483,224
483,403
483,810
483,964
483,153
484,263
484,201
484,378
484,823
484,91
484,380
484,397
484,650
484,439
484,555
484,587
484,753
484,786
484,830
484,11
485,578
485,123
485,209
485,502
485,560
485,757
485,761
485,807
485,819
485,994
485,20
485,87
485,344
485,546
485,233
486,174
486,229
486,45
486,877
486,879
486,568
486,777
486,949
486,279
486,8
486,119
486,377
486,40
486,182
486,183
487,49
487,371
487,401
487,914
487,363
487,15
487,907
487,439
487,188
487,404
487,452
487,426
487,508
487,939
487,998
488,463
488,975
488,502
488,297
488,716
488,757
488,408
488,726
488,831
488,325
488,37
488,153
488,729
488,147
488,577
489,254
489,537
489,596
489,363
489,404
489,27
489,362
489,868
489,202
489,341
489,548
489,934
489,710
489,763
489,852
490,990
490,35
490,117
490,333
490,681
490,790
490,912
490,432
490,819
490,273
490,438
490,491
490,792
490,48
490,161
491,438
491,792
491,96
491,140
491,350
491,363
491,826
491,873
491,966
491,990
491,654
491,933
491,233
491,490
491,9
492,377
492,781
492,720
492,9
492,24
492,55
492,165
492,474
492,585
492,674
492,758
492,765
492,779
492,787
492,229
493,542
493,953
493,640
493,700
493,227
493,318
493,42
493,50
493,52
493,81
493,83
493,364
493,570
493,680
493,685
494,876
494,637
494,840
494,169
494,15
494,647
494,789
494,467
494,376
494,950
494,983
494,80
494,563
494,909
494,272
495,161
495,273
495,119
495,70
495,518
495,795
495,585
495,9
495,674
495,781
495,879
495,199
495,434
495,490
495,877
496,238
496,630
496,226
496,241
496,309
496,356
496,446
496,520
496,852
496,893
496,547
496,589
496,129
496,33
496,43
497,926
497,475
497,764
497,550
497,435
497,788
497,89
497,503
497,252
497,353
497,408
497,600
497,139
497,528
497,207
498,240
498,360
498,457
498,715
498,932
498,234
498,14
498,478
498,670
498,676
498,711
498,8
498,435
498,158
498,849
499,308
499,246
499,281
499,398
499,404
499,401
499,113
499,329
499,684
499,368
499,49
499,245
499,304
499,371
499,422
500,609
500,610
500,875
500,904
500,149
500,483
500,1000
500,736
500,806
500,174
500,305
500,144
500,213
500,525
500,743
501,159
501,122
501,200
501,418
501,845
501,866
501,442
501,760
501,343
501,414
501,512
501,545
501,646
501,816
501,836
502,757
502,485
502,578
502,123
502,209
502,560
502,761
502,807
502,819
502,140
502,395
502,488
502,546
502,290
502,990
503,940
503,89
503,109
503,147
503,408
503,577
503,978
503,302
503,116
503,388
503,600
503,601
503,120
503,242
503,347
504,927
504,357
504,5
504,619
504,629
504,692
504,163
504,242
504,383
504,139
504,337
504,528
504,651
504,344
504,979
505,583
505,743
505,751
505,817
505,222
505,412
505,782
505,282
505,525
505,579
505,643
505,882
505,46
505,509
505,549
506,481
506,17
506,84
506,547
506,749
506,536
506,561
506,41
506,64
506,168
506,186
506,522
506,601
506,673
506,608
507,480
507,3
507,126
507,172
507,276
507,569
507,644
507,706
507,729
507,938
507,388
507,854
507,1
507,153
507,210
508,998
508,426
508,371
508,32
508,49
508,607
508,742
508,914
508,867
508,35
508,401
508,487
508,227
508,189
508,339
509,46
509,549
509,589
509,247
509,608
509,17
509,261
509,780
509,54
509,154
509,171
509,476
509,536
509,633
509,883
510,705
510,750
510,903
510,275
510,851
510,1000
510,30
510,480
510,507
510,425
510,294
510,346
510,706
510,793
510,105
511,827
511,18
511,141
511,310
511,844
511,880
511,783
511,730
511,443
511,242
511,378
511,160
511,215
511,314
511,617
512,111
512,18
512,39
512,215
512,303
512,314
512,319
512,602
512,698
512,942
512,944
512,421
512,284
512,883
512,84
513,579
513,718
513,281
513,404
513,90
513,387
513,693
513,866
513,969
513,856
513,254
513,638
513,641
513,2
513,738
514,888
514,250
514,872
514,372
514,412
514,245
514,935
514,561
514,602
514,384
514,479
514,672
514,260
514,284
514,427
515,798
515,531
515,73
515,79
515,516
515,564
515,659
515,717
515,797
515,952
515,941
515,359
515,830
515,54
515,225
516,717
516,564
516,659
516,73
516,79
516,515
516,531
516,797
516,798
516,952
516,601
516,951
516,780
516,883
516,475
517,783
517,31
517,168
517,324
517,378
517,815
517,844
517,830
517,749
517,941
517,587
517,753
517,786
517,823
517,237
518,119
518,70
518,161
518,273
518,495
518,795
518,61
518,630
518,766
518,790
518,143
518,174
518,486
518,775
518,9
519,878
519,4
519,373
519,424
519,847
519,174
519,258
519,660
519,40
519,183
519,766
519,294
519,562
519,616
519,712
520,893
520,102
520,226
520,238
520,241
520,309
520,356
520,446
520,496
520,852
520,622
520,76
520,341
520,568
520,625
521,723
521,955
521,269
521,710
521,411
521,477
521,25
521,423
521,849
521,176
521,699
521,726
521,761
521,807
521,819
522,581
522,321
522,799
522,943
522,28
522,210
522,287
522,449
522,450
522,540
522,553
522,841
522,885
522,905
522,974
523,544
523,667
523,774
523,985
523,770
523,804
523,862
523,253
523,611
523,642
523,689
523,739
523,911
523,699
523,45
524,68
524,95
524,131
524,330
524,405
524,318
524,126
524,81
524,570
524,808
524,825
524,108
524,189
524,34
524,128
525,743
525,213
525,609
525,579
525,136
525,904
525,626
525,162
525,859
525,244
525,48
525,811
525,321
525,858
525,654
526,266
526,156
526,270
526,347
526,414
526,574
526,584
526,624
526,824
526,834
526,863
526,870
526,890
526,905
526,391
527,802
527,543
527,20
527,315
527,452
527,592
527,812
527,375
527,578
527,613
527,740
527,858
527,621
527,182
527,485
528,139
528,413
528,831
528,600
528,975
528,337
528,381
528,504
528,651
528,837
528,927
528,577
528,37
528,89
528,503
529,776
529,135
529,178
529,688
529,375
529,438
529,933
529,649
529,112
529,244
529,491
529,599
529,613
529,654
529,792
530,26
530,950
530,619
530,148
530,393
530,752
530,198
530,21
530,136
530,194
530,208
530,651
530,962
530,287
530,605
531,73
531,79
531,211
531,564
531,515
531,659
531,516
531,717
531,797
531,798
531,952
531,342
531,353
531,171
531,773
532,158
532,466
532,677
532,995
532,324
532,77
532,146
532,687
532,120
532,293
532,457
532,187
532,210
532,657
532,166
533,435
533,410
533,69
533,87
533,106
533,167
533,184
533,582
533,711
533,889
533,994
533,116
533,301
533,606
533,120
534,860
534,657
534,979
534,991
534,897
534,322
534,407
534,947
534,71
534,91
534,713
534,11
534,113
534,263
534,733
535,267
535,741
535,986
535,227
535,252
535,83
535,56
535,258
535,576
535,640
535,660
535,680
535,707
535,62
535,195
536,17
536,476
536,154
536,54
536,261
536,46
536,171
536,247
536,509
536,549
536,589
536,608
536,633
536,780
536,883
537,489
537,596
537,468
537,448
537,735
537,973
537,980
537,562
537,712
537,899
537,921
537,316
537,244
537,176
537,934
538,678
538,64
538,1
538,186
538,445
538,618
538,168
538,126
538,783
538,342
538,378
538,706
538,3
538,125
538,34
539,332
539,280
539,283
539,460
539,833
539,329
539,442
539,420
539,458
539,869
539,981
539,243
539,331
539,380
539,665
540,28
540,581
540,905
540,974
540,210
540,287
540,321
540,449
540,450
540,522
540,553
540,799
540,841
540,885
540,943
541,465
541,900
541,554
541,606
541,661
541,814
541,23
541,338
541,116
541,108
541,120
541,189
541,302
541,339
541,603
542,493
542,775
542,796
542,42
542,50
542,52
542,81
542,83
542,227
542,318
542,364
542,570
542,640
542,680
542,685
543,527
543,812
543,20
543,315
543,452
543,592
543,802
543,613
543,858
543,33
543,375
543,740
543,294
543,425
543,102
544,523
544,667
544,774
544,253
544,611
544,642
544,689
544,739
544,770
544,804
544,862
544,911
544,795
544,852
544,280
545,343
545,399
545,730
545,615
545,708
545,159
545,501
545,646
545,816
545,836
545,378
545,453
545,932
545,314
545,441
546,432
546,344
546,110
546,177
546,233
546,286
546,290
546,395
546,438
546,485
546,502
546,889
546,994
546,711
546,410
547,589
547,450
547,885
547,84
547,481
547,506
547,749
547,496
547,630
547,46
547,319
547,509
547,549
547,602
547,420
548,202
548,25
548,567
548,176
548,370
548,932
548,423
548,363
548,489
548,720
548,758
548,934
548,966
548,790
548,98
549,46
549,509
549,589
549,843
549,303
549,17
549,54
549,154
549,171
549,247
549,261
549,476
549,536
549,608
549,633
550,591
550,707
550,497
550,820
550,926
550,292
550,788
550,223
550,385
550,130
550,741
550,986
550,103
550,207
550,902
551,348
551,392
551,421
551,443
551,459
551,473
551,588
551,597
551,601
551,262
551,89
551,340
551,503
551,386
551,408
552,256
552,923
552,313
552,727
552,573
552,840
552,663
552,898
552,918
552,397
552,47
552,145
552,467
552,494
552,637
553,28
553,321
553,449
553,905
553,799
553,210
553,287
553,450
553,522
553,540
553,581
553,841
553,885
553,943
553,974
554,465
554,541
554,606
554,661
554,814
554,900
554,110
554,23
554,108
554,116
554,120
554,189
554,302
554,338
554,339
555,652
555,135
555,375
555,383
555,794
555,5
555,357
555,33
555,85
555,170
555,463
555,482
555,761
555,802
555,807
556,267
556,299
556,345
556,628
556,417
556,353
556,828
556,928
556,742
556,82
556,788
556,800
556,753
556,529
556,570
557,410
557,66
557,429
557,910
557,680
557,346
557,948
557,318
557,83
557,227
557,640
557,931
557,69
557,761
557,807
558,718
558,746
558,10
558,150
558,407
558,305
558,723
558,521
558,955
558,124
558,295
558,471
558,989
558,703
558,932
559,115
559,118
559,14
559,453
559,171
559,417
559,928
559,828
559,200
559,390
559,246
559,747
559,971
559,478
559,77
560,123
560,761
560,485
560,209
560,96
560,502
560,578
560,757
560,807
560,819
560,826
560,723
560,110
560,177
560,25
561,690
561,536
561,17
561,506
561,331
561,759
561,514
561,220
561,261
561,476
561,384
561,412
561,38
561,46
561,54
562,712
562,76
562,143
562,236
562,341
562,593
562,226
562,356
562,446
562,630
562,468
562,519
562,537
562,616
562,878
563,80
563,109
563,637
563,104
563,447
563,144
563,494
563,789
563,840
563,876
563,162
563,898
563,810
563,909
563,353
564,717
564,516
564,73
564,531
564,620
564,659
564,79
564,515
564,797
564,798
564,952
564,780
564,951
564,883
564,157
565,231
565,728
565,204
565,828
565,56
565,114
565,374
565,576
565,645
565,725
565,747
565,928
565,946
565,81
565,287
566,279
566,289
566,482
566,45
566,604
566,666
566,794
566,852
566,893
566,949
566,163
566,255
566,358
566,954
566,179
567,25
567,699
567,932
567,290
567,548
567,98
567,809
567,110
567,177
567,523
567,544
567,667
567,774
567,856
567,351
568,174
568,785
568,777
568,949
568,611
568,45
568,229
568,486
568,877
568,879
568,915
568,335
568,868
568,283
568,253
569,3
569,644
569,126
569,172
569,276
569,480
569,507
569,706
569,1000
569,376
569,74
569,388
569,540
569,687
569,967
570,808
570,81
570,318
570,640
570,50
570,42
570,52
570,83
570,227
570,364
570,493
570,542
570,680
570,685
570,700
571,349
571,656
571,996
571,997
571,44
571,444
571,422
571,697
571,822
571,855
571,897
571,402
571,91
571,329
571,397
572,118
572,90
572,387
572,453
572,693
572,760
572,698
572,846
572,181
572,466
572,799
572,956
572,343
572,74
572,818
573,22
573,256
573,479
573,552
573,751
573,516
573,217
573,461
573,903
573,898
573,564
573,717
573,951
573,458
573,918
574,156
574,584
574,347
574,890
574,266
574,270
574,414
574,526
574,624
574,824
574,834
574,863
574,870
574,109
574,942
575,30
575,62
575,101
575,130
575,292
575,707
575,772
575,867
575,733
575,947
575,3
575,355
575,569
575,644
575,695
576,56
576,928
576,374
576,728
576,291
576,114
576,204
576,231
576,565
576,645
576,725
576,747
576,828
576,946
576,841
577,147
577,408
577,978
577,89
577,109
577,503
577,940
577,541
577,334
577,153
577,325
577,729
577,938
577,339
577,414
578,485
578,123
578,209
578,502
578,757
578,819
578,560
578,761
578,807
578,229
578,527
578,233
578,350
578,994
578,108
579,525
579,638
579,295
579,718
579,90
579,513
579,281
579,404
579,285
579,296
579,505
579,743
579,387
579,693
579,866
580,605
580,762
580,658
580,891
580,908
580,49
580,888
580,401
580,914
580,291
580,245
580,385
580,224
580,58
580,389
581,210
581,974
581,522
581,540
581,905
581,799
581,28
581,287
581,321
581,449
581,450
581,553
581,841
581,885
581,943
582,87
582,167
582,994
582,889
582,69
582,106
582,184
582,410
582,435
582,533
582,711
582,108
582,233
582,302
582,338
583,282
583,882
583,895
583,756
583,936
583,505
583,751
583,817
583,217
583,643
583,145
583,196
583,428
583,703
583,373
584,574
584,624
584,834
584,156
584,266
584,270
584,347
584,414
584,526
584,824
584,863
584,870
584,890
584,841
584,885
585,24
585,55
585,165
585,377
585,9
585,474
585,492
585,674
585,720
585,758
585,765
585,779
585,781
585,787
585,495
586,268
586,616
586,655
586,669
586,987
586,228
586,424
586,663
586,474
586,604
586,779
586,787
586,298
586,765
586,674
587,753
587,786
587,830
587,482
587,171
587,191
587,952
587,871
587,832
587,112
587,517
587,54
587,72
587,225
587,230
588,459
588,421
588,348
588,443
588,473
588,551
588,597
588,334
588,623
588,454
588,778
588,39
588,88
588,714
588,940
589,547
589,46
589,509
589,549
589,645
589,17
589,54
589,154
589,171
589,247
589,261
589,476
589,536
589,608
589,633
590,63
590,298
590,381
590,662
590,837
590,262
590,92
590,443
590,611
590,748
590,784
590,13
590,268
590,415
590,686
591,707
591,550
591,986
591,101
591,741
591,276
591,820
591,902
591,130
591,172
591,867
591,535
591,301
591,291
591,30
592,20
592,85
592,315
592,452
592,527
592,543
592,802
592,812
592,102
592,369
592,383
592,625
592,132
592,134
592,107
593,76
593,236
593,341
593,143
593,562
593,712
593,446
593,24
593,702
593,241
593,259
593,309
593,4
593,165
593,765
594,766
594,216
594,97
594,434
594,259
594,734
594,4
594,29
594,105
594,328
594,365
594,853
594,70
594,182
594,64
595,36
595,969
595,478
595,14
595,214
595,240
595,891
595,932
595,957
595,973
595,137
595,382
595,596
595,93
595,197
596,489
596,537
596,973
596,176
596,257
596,631
596,735
596,835
596,311
596,803
596,316
596,214
596,341
596,593
596,856
597,421
597,944
597,348
597,443
597,459
597,473
597,551
597,588
597,814
597,16
597,157
597,127
597,147
597,192
597,408
598,907
598,688
598,647
598,396
598,169
598,692
598,288
598,300
598,456
598,607
598,626
598,74
598,967
598,701
598,906
599,244
599,654
599,933
599,354
599,448
599,468
599,631
599,803
599,409
599,649
599,210
599,56
599,352
599,48
599,740
600,155
600,325
600,139
600,528
600,978
600,889
600,89
600,503
600,975
600,301
600,392
600,435
600,533
600,408
600,37
601,16
601,157
601,193
601,941
601,951
601,659
601,168
601,516
601,348
601,551
601,503
601,41
601,64
601,186
601,506
602,319
602,122
602,18
602,39
602,111
602,215
602,303
602,314
602,512
602,698
602,942
602,944
602,845
602,731
602,336
603,23
603,116
603,606
603,108
603,302
603,465
603,931
603,120
603,189
603,338
603,339
603,541
603,554
603,661
603,737
604,758
604,11
604,112
604,839
604,141
604,848
604,566
604,666
604,954
604,135
604,178
604,424
604,474
604,586
604,688
605,287
605,26
605,580
605,762
605,198
605,530
605,950
605,658
605,769
605,281
605,404
605,976
605,15
605,633
605,456
606,900
606,465
606,541
606,554
606,661
606,814
606,116
606,603
606,23
606,302
606,931
606,339
606,108
606,120
606,189
607,742
607,947
607,508
607,242
607,927
607,58
607,867
607,299
607,345
607,504
607,320
607,322
607,733
607,772
607,91
608,17
608,509
608,46
608,54
608,154
608,171
608,247
608,261
608,476
608,536
608,549
608,589
608,633
608,780
608,883
609,904
609,500
609,610
609,875
609,213
609,525
609,371
609,149
609,131
609,189
609,817
609,736
609,806
609,792
609,339
610,500
610,609
610,875
610,904
610,401
610,272
610,838
610,570
610,19
610,804
610,149
610,736
610,806
610,914
610,144
611,915
611,174
611,568
611,253
611,523
611,544
611,642
611,667
611,689
611,739
611,770
611,774
611,804
611,862
611,911
612,454
612,173
612,93
612,197
612,635
612,846
612,785
612,868
612,458
612,918
612,916
612,27
612,181
612,726
612,683
613,776
613,107
613,294
613,848
613,983
613,543
613,933
613,527
613,812
613,244
613,438
613,491
613,529
613,599
613,654
614,415
614,686
614,179
614,235
614,662
614,911
614,129
614,862
614,125
614,356
614,945
614,373
614,92
614,163
614,523
615,959
615,677
615,343
615,545
615,730
615,31
615,248
615,760
615,72
615,158
615,387
615,455
615,639
615,708
615,800
616,987
616,268
616,586
616,655
616,669
616,165
616,519
616,562
616,712
616,878
616,921
616,365
616,951
616,24
616,474
617,340
617,160
617,915
617,127
617,192
617,219
617,400
617,442
617,623
617,714
617,917
617,18
617,670
617,189
617,215
618,981
618,1
618,445
618,678
618,64
618,186
618,538
618,172
618,386
618,157
618,276
618,869
618,951
618,956
618,517
619,530
619,629
619,26
619,950
619,5
619,357
619,504
619,692
619,927
619,814
619,148
619,290
619,393
619,395
619,425
620,326
620,211
620,264
620,759
620,203
620,230
620,564
620,773
620,6
620,225
620,335
620,359
620,367
620,664
620,960
621,337
621,425
621,177
621,937
621,695
621,793
621,20
621,301
621,26
621,110
621,686
621,527
621,5
621,139
621,415
622,259
622,199
622,277
622,312
622,436
622,630
622,861
622,988
622,520
622,143
622,365
622,929
622,76
622,987
622,842
623,160
623,714
623,127
623,192
623,219
623,340
623,400
623,442
623,617
623,915
623,917
623,8
623,774
623,34
623,767
624,584
624,834
624,661
624,21
624,156
624,266
624,270
624,347
624,414
624,526
624,574
624,824
624,863
624,870
624,890
625,890
625,33
625,85
625,170
625,297
625,716
625,740
625,821
625,858
625,901
625,20
625,383
625,520
625,592
625,868
626,456
626,260
626,651
626,51
626,288
626,691
626,525
626,352
626,658
626,791
626,744
626,169
626,384
626,598
626,907
627,151
627,440
627,160
627,617
627,989
627,913
627,632
627,188
627,206
627,218
627,232
627,486
627,211
627,915
627,670
628,267
628,299
628,345
628,556
628,81
628,227
628,374
628,788
628,191
628,231
628,318
628,565
628,570
628,713
628,728
629,619
629,5
629,357
629,504
629,692
629,927
629,649
629,320
629,148
629,290
629,393
629,395
629,425
629,530
629,694
630,954
630,496
630,199
630,259
630,277
630,312
630,436
630,622
630,861
630,988
630,547
630,589
630,562
630,712
630,61
631,107
631,178
631,350
631,244
631,354
631,448
631,468
631,599
631,654
631,803
631,933
631,652
631,33
631,53
631,85
632,469
632,180
632,472
632,650
632,367
632,779
632,188
632,124
632,818
632,989
632,748
632,849
632,199
632,467
632,668
633,154
633,247
633,261
633,887
633,944
633,17
633,46
633,54
633,171
633,476
633,509
633,536
633,549
633,589
633,608
634,865
634,993
634,776
634,851
634,922
634,742
634,213
634,999
634,874
634,556
634,366
634,375
634,529
634,649
634,598
635,915
635,166
635,646
635,612
635,684
635,305
635,466
635,916
635,23
635,293
635,400
635,603
635,846
635,568
635,868
636,924
636,687
636,91
636,867
636,704
636,304
636,820
636,734
636,329
636,349
636,571
636,679
636,884
636,896
636,1000
637,840
637,494
637,876
637,80
637,252
637,563
637,144
637,169
637,647
637,838
637,958
637,99
637,413
637,272
637,352
638,254
638,641
638,430
638,868
638,973
638,390
638,856
638,25
638,173
638,852
638,961
638,521
638,955
638,969
638,90
639,850
639,29
639,94
639,100
639,121
639,311
639,316
639,649
639,934
639,730
639,615
639,471
639,860
639,273
639,27
640,83
640,227
640,680
640,953
640,570
640,50
640,493
640,685
640,42
640,52
640,81
640,318
640,364
640,542
640,700
641,254
641,638
641,430
641,868
641,973
641,856
641,214
641,693
641,25
641,173
641,852
641,961
641,170
641,356
641,281
642,758
642,253
642,689
642,770
642,804
642,662
642,523
642,544
642,611
642,667
642,739
642,774
642,862
642,911
642,326
643,295
643,218
643,583
643,982
643,282
643,505
643,751
643,817
643,882
643,618
643,678
643,386
643,235
643,102
643,847
644,3
644,569
644,172
644,480
644,126
644,276
644,507
644,706
644,967
644,388
644,376
644,986
644,74
644,540
644,687
645,114
645,204
645,450
645,885
645,299
645,589
645,56
645,231
645,374
645,565
645,576
645,725
645,728
645,747
645,828
646,661
646,166
646,635
646,405
646,708
646,351
646,360
646,677
646,715
646,127
646,159
646,192
646,343
646,442
646,465
647,598
647,907
647,494
647,963
647,637
647,840
647,946
647,213
647,756
647,47
647,145
647,272
647,352
647,750
647,838
648,240
648,708
648,957
648,971
648,93
648,197
648,255
648,358
648,969
648,856
648,979
648,498
648,14
648,185
648,366
649,271
649,379
649,394
649,629
649,599
649,320
649,529
649,776
649,48
649,490
649,639
649,375
649,97
649,135
649,178
650,439
650,180
650,472
650,632
650,469
650,484
650,263
650,380
650,932
650,188
650,467
650,668
650,923
650,283
650,151
651,21
651,26
651,136
651,148
651,194
651,208
651,393
651,530
651,752
651,950
651,962
651,626
651,139
651,337
651,504
652,555
652,178
652,375
652,383
652,794
652,631
652,74
652,5
652,357
652,33
652,85
652,170
652,463
652,482
652,761
653,228
653,813
653,121
653,763
653,961
653,351
653,965
653,173
653,334
653,311
653,362
653,317
653,471
653,921
653,93
654,933
654,244
654,599
654,354
654,448
654,468
654,631
654,803
654,858
654,491
654,716
654,48
654,740
654,194
654,438
655,268
655,669
655,987
655,847
655,586
655,616
655,365
655,473
655,143
655,373
655,377
655,492
655,431
655,842
655,24
656,422
656,697
656,822
656,855
656,571
656,996
656,304
656,897
656,997
656,44
656,349
656,402
656,771
656,245
656,281
657,113
657,407
657,460
657,534
657,77
657,532
657,684
657,329
657,10
657,457
657,32
657,280
657,283
657,332
657,539
658,791
658,580
658,456
658,605
658,762
658,231
658,352
658,769
658,244
658,300
658,162
658,448
658,224
658,626
658,565
659,73
659,564
659,516
659,531
659,79
659,203
659,515
659,717
659,797
659,798
659,952
659,601
659,664
659,536
659,157
660,258
660,335
660,916
660,212
660,342
660,519
660,283
660,54
660,225
660,230
660,359
660,476
660,515
660,535
660,587
661,405
661,646
661,465
661,541
661,554
661,606
661,814
661,900
661,624
661,23
661,108
661,116
661,120
661,189
661,302
662,193
662,778
662,642
662,298
662,381
662,590
662,837
662,839
662,13
662,307
662,141
662,614
662,911
662,46
662,473
663,67
663,586
663,444
663,381
663,552
663,175
663,169
663,180
663,384
663,472
663,632
663,650
663,459
663,588
663,454
664,700
664,6
664,203
664,225
664,211
664,230
664,264
664,326
664,335
664,359
664,367
664,620
664,773
664,331
664,212
665,331
665,759
665,920
665,985
665,264
665,367
665,767
665,6
665,664
665,910
665,523
665,34
665,128
665,306
665,857
666,954
666,278
666,61
666,328
666,312
666,604
666,566
666,70
666,216
666,861
666,988
666,436
666,766
666,434
666,161
667,774
667,523
667,544
667,177
667,804
667,253
667,611
667,642
667,689
667,739
667,770
667,862
667,911
667,164
667,45
668,188
668,469
668,919
668,913
668,467
668,960
668,280
668,180
668,398
668,439
668,472
668,632
668,650
668,935
668,326
669,655
669,268
669,586
669,616
669,987
669,365
669,143
669,373
669,377
669,492
669,720
669,473
669,662
669,878
669,674
670,125
670,164
670,945
670,138
670,464
670,8
670,234
670,249
670,420
670,719
670,722
670,160
670,431
670,696
670,360
671,801
671,125
671,235
671,1
671,445
671,8
671,57
671,137
671,138
671,433
671,696
671,832
671,386
671,686
671,40
672,702
672,925
672,381
672,92
672,129
672,163
672,241
672,309
672,709
672,977
672,651
672,739
672,837
672,862
672,696
673,41
673,146
673,869
673,128
673,205
673,805
673,34
673,306
673,767
673,960
673,970
673,981
673,985
673,95
673,6
674,9
674,781
674,24
674,765
674,165
674,720
674,268
674,55
674,377
674,474
674,492
674,585
674,758
674,779
674,787
675,72
675,252
675,515
675,798
675,73
675,361
675,417
675,181
675,997
675,75
675,855
675,77
675,79
675,115
675,118
676,134
676,274
676,185
676,849
676,14
676,125
676,478
676,498
676,343
676,846
676,293
676,94
676,100
676,572
676,36
677,158
677,466
677,532
677,760
677,995
677,615
677,960
677,970
677,646
677,775
677,205
677,248
677,405
677,981
677,360
678,538
678,1
678,445
678,618
678,64
678,186
678,128
678,342
678,125
678,126
678,378
678,434
678,706
678,783
678,212
679,243
679,201
679,968
679,182
679,212
679,972
679,64
679,186
679,745
679,284
679,380
679,397
679,427
679,444
679,484
680,83
680,227
680,640
680,52
680,700
680,318
680,42
680,50
680,81
680,364
680,493
680,542
680,570
680,685
680,808
681,117
681,912
681,351
681,929
681,807
681,35
681,333
681,490
681,790
681,661
681,405
681,873
681,105
681,317
681,853
682,922
682,332
682,869
682,689
682,804
682,913
682,949
682,160
682,917
682,180
682,472
682,539
682,981
682,400
682,253
683,237
683,454
683,31
683,57
683,255
683,358
683,431
683,433
683,470
683,724
683,832
683,839
683,844
683,461
683,240
684,305
684,635
684,15
684,402
684,10
684,260
684,288
684,657
684,124
684,308
684,499
684,77
684,746
684,44
684,188
685,50
685,52
685,640
685,42
685,83
685,81
685,227
685,318
685,364
685,493
685,542
685,570
685,680
685,700
685,808
686,415
686,614
686,179
686,298
686,523
686,544
686,621
686,667
686,774
686,671
686,770
686,88
686,424
686,590
686,4
687,248
687,455
687,956
687,704
687,3
687,532
687,569
687,644
687,636
687,90
687,677
687,1
687,618
687,760
687,924
688,135
688,178
688,776
688,529
688,228
688,598
688,794
688,448
688,604
688,803
688,848
688,491
688,613
688,379
688,468
689,253
689,642
689,770
689,804
689,523
689,544
689,611
689,667
689,739
689,774
689,862
689,911
689,568
689,777
689,949
690,561
690,883
690,780
690,942
690,968
690,506
690,17
690,54
690,536
690,665
690,893
690,698
690,944
690,207
690,341
691,727
691,260
691,84
691,285
691,626
691,283
691,305
691,258
691,335
691,660
691,683
691,384
691,412
691,782
691,437
692,357
692,5
692,504
692,619
692,629
692,927
692,21
692,233
692,950
692,962
692,967
692,979
692,366
692,598
692,163
693,90
693,387
693,453
693,572
693,760
693,866
693,969
693,418
693,641
693,287
693,450
693,481
693,943
693,553
693,959
694,755
694,163
694,748
694,279
694,832
694,619
694,629
694,255
694,61
694,470
694,5
694,702
694,739
694,92
694,590
695,793
695,132
695,134
695,274
695,301
695,462
695,391
695,889
695,441
695,621
695,937
695,106
695,155
695,754
695,167
696,137
696,431
696,336
696,382
696,419
696,709
696,731
696,843
696,892
696,977
696,670
696,138
696,356
696,360
696,446
697,822
697,422
697,656
697,855
697,894
697,349
697,44
697,921
697,836
697,93
697,402
697,571
697,771
697,996
697,245
698,942
698,944
698,818
698,18
698,39
698,111
698,215
698,303
698,314
698,319
698,512
698,602
698,572
698,199
698,846
699,567
699,98
699,809
699,523
699,521
699,25
699,411
699,110
699,177
699,544
699,667
699,774
699,856
699,560
699,477
700,664
700,42
700,953
700,52
700,81
700,680
700,318
700,493
700,50
700,83
700,227
700,364
700,542
700,570
700,640
701,906
701,221
701,927
701,366
701,57
701,132
701,134
701,409
701,242
701,383
701,184
701,358
701,433
701,5
701,357
702,925
702,672
702,92
702,129
702,739
702,593
702,241
702,309
702,709
702,977
702,259
702,76
702,446
702,163
702,381
703,196
703,756
703,823
703,830
703,282
703,412
703,470
703,47
703,145
703,583
703,882
703,278
703,237
703,517
703,484
704,916
704,687
704,77
704,971
704,636
704,248
704,455
704,820
704,956
704,72
704,115
704,118
704,187
704,191
704,212
705,142
705,750
705,510
705,736
705,706
705,130
705,527
705,99
705,149
705,806
705,859
705,982
705,276
705,126
705,754
706,126
706,3
706,172
706,276
706,480
706,507
706,569
706,644
706,905
706,239
706,754
706,854
706,28
706,321
706,449
707,591
707,550
707,207
707,575
707,355
707,535
707,3
707,569
707,644
707,910
707,239
707,291
707,926
707,376
707,706
708,832
708,240
708,648
708,957
708,191
708,646
708,343
708,545
708,93
708,360
708,715
708,615
708,892
708,399
708,730
709,977
709,137
709,336
709,382
709,419
709,696
709,731
709,843
709,892
709,18
709,38
709,672
709,702
709,925
709,673
710,269
710,521
710,723
710,955
710,254
710,25
710,411
710,423
710,477
710,849
710,466
710,176
710,761
710,807
710,819
711,796
711,69
711,87
711,106
711,167
711,184
711,410
711,435
711,533
711,582
711,889
711,994
711,542
711,875
711,189
712,562
712,76
712,143
712,236
712,341
712,593
712,226
712,356
712,446
712,630
712,222
712,377
712,468
712,519
712,537
713,191
713,971
713,72
713,417
713,71
713,246
713,368
713,628
713,267
713,556
713,648
713,559
713,615
713,959
713,991
714,127
714,192
714,160
714,442
714,219
714,623
714,970
714,340
714,400
714,617
714,915
714,917
714,8
714,205
714,465
715,360
715,457
715,498
715,932
715,646
715,8
715,93
715,138
715,184
715,708
715,98
715,166
715,106
715,945
715,677
716,297
716,858
716,33
716,85
716,170
716,625
716,740
716,757
716,821
716,901
716,393
716,752
716,468
716,654
716,148
717,564
717,516
717,73
717,79
717,515
717,531
717,659
717,797
717,798
717,952
717,262
717,951
717,780
717,883
717,475
718,285
718,558
718,323
718,579
718,162
718,412
718,782
718,980
718,513
718,36
718,595
718,214
718,973
718,596
718,51
719,164
719,249
719,464
719,138
719,8
719,234
719,420
719,670
719,722
719,945
719,106
719,523
719,544
719,623
719,667
720,758
720,492
720,781
720,674
720,949
720,9
720,24
720,55
720,165
720,377
720,474
720,585
720,765
720,779
720,787
721,53
721,811
721,7
721,48
721,929
721,448
721,803
721,333
721,861
721,988
721,654
721,933
721,105
721,239
721,133
722,234
722,420
722,8
722,138
722,164
722,249
722,464
722,670
722,719
722,945
722,911
722,13
722,336
722,470
722,127
723,521
723,955
723,269
723,710
723,411
723,423
723,477
723,25
723,849
723,973
723,560
723,176
723,471
723,86
723,761
724,431
724,470
724,839
724,57
724,880
724,237
724,255
724,358
724,433
724,683
724,832
724,731
724,336
724,141
724,310
725,747
725,946
725,728
725,114
725,204
725,56
725,231
725,374
725,565
725,576
725,645
725,828
725,928
725,540
725,974
726,961
726,190
726,173
726,521
726,423
726,369
726,785
726,868
726,488
726,228
726,784
726,612
726,181
726,75
726,93
727,691
727,384
727,285
727,782
727,313
727,552
727,829
727,250
727,54
727,412
727,437
727,382
727,47
727,145
727,323
728,231
728,565
728,725
728,928
728,747
728,114
728,204
728,374
728,576
728,943
728,56
728,645
728,828
728,946
728,261
729,153
729,938
729,958
729,388
729,480
729,507
729,974
729,147
729,408
729,577
729,16
729,157
729,210
729,405
729,581
730,399
730,343
730,545
730,511
730,959
730,615
730,200
730,827
730,418
730,860
730,387
730,639
730,417
730,122
730,242
731,336
731,843
731,382
731,137
731,419
731,696
731,709
731,892
731,977
731,602
731,319
731,307
731,925
731,234
731,470
732,248
732,15
732,304
732,924
732,820
732,916
732,44
732,355
732,402
732,684
732,745
732,771
732,919
732,956
732,984
733,322
733,947
733,772
733,101
733,742
733,320
733,575
733,908
733,860
733,930
733,82
733,383
733,628
733,607
733,788
734,29
734,965
734,94
734,100
734,813
734,317
734,594
734,105
734,853
734,257
734,362
734,316
734,471
734,369
734,187
735,257
735,835
735,899
735,187
735,176
735,537
735,802
735,596
735,455
735,29
735,934
735,86
735,94
735,100
735,369
736,149
736,806
736,167
736,142
736,150
736,966
736,705
736,913
736,953
736,963
736,700
736,500
736,609
736,610
736,875
737,338
737,108
737,302
737,339
737,189
737,931
737,116
737,23
737,120
737,465
737,541
737,554
737,603
737,606
737,661
738,2
738,430
738,451
738,921
738,65
738,66
738,948
738,118
738,760
738,159
738,501
738,513
738,537
738,980
738,856
739,862
739,253
739,523
739,544
739,611
739,642
739,667
739,689
739,770
739,774
739,804
739,911
739,702
739,249
739,945
740,858
740,901
740,33
740,821
740,85
740,170
740,297
740,625
740,716
740,194
740,933
740,375
740,430
740,962
740,136
741,986
741,535
741,172
741,114
741,276
741,591
741,204
741,364
741,645
741,916
741,50
741,618
741,132
741,101
741,550
742,607
742,508
742,998
742,556
742,322
742,733
742,769
742,58
742,426
742,634
742,776
742,320
742,772
742,947
742,91
743,525
743,789
743,553
743,505
743,858
743,162
743,859
743,999
743,144
743,213
743,389
743,500
743,579
743,609
743,610
744,908
744,930
744,85
744,32
744,130
744,887
744,796
744,928
744,711
744,28
744,321
744,449
744,553
744,905
744,58
745,919
745,313
745,188
745,260
745,406
745,936
745,355
745,538
745,903
745,972
745,125
745,679
745,342
745,67
745,469
746,150
746,327
746,806
746,558
746,149
746,10
746,206
746,232
746,477
746,684
746,251
746,736
746,913
746,657
746,77
747,725
747,946
747,114
747,204
747,728
747,56
747,231
747,374
747,565
747,576
747,645
747,828
747,928
747,540
747,207
748,837
748,163
748,694
748,755
748,92
748,590
748,611
748,199
748,652
748,112
748,511
748,827
748,110
748,378
748,783
749,481
749,476
749,84
749,506
749,547
749,154
749,111
749,517
749,261
749,536
749,783
749,54
749,303
749,1
749,805
750,705
750,963
750,510
750,292
750,103
750,142
750,223
750,385
750,105
750,60
750,272
750,313
750,352
750,494
750,550
751,898
751,817
751,479
751,296
751,505
751,583
751,789
751,365
751,67
751,573
751,782
751,144
751,282
751,643
751,882
752,136
752,148
752,393
752,530
752,21
752,26
752,194
752,208
752,651
752,950
752,962
752,716
752,974
752,391
752,863
753,587
753,786
753,830
753,871
753,476
753,536
753,517
753,54
753,72
753,225
753,230
753,258
753,267
753,335
753,359
754,854
754,195
754,376
754,441
754,937
754,126
754,526
754,706
754,189
754,339
754,796
754,886
754,978
754,541
754,613
755,694
755,163
755,748
755,279
755,832
755,431
755,619
755,629
755,61
755,381
755,702
755,804
755,102
755,433
755,724
756,196
756,703
756,583
756,782
756,898
756,936
756,47
756,145
756,282
756,882
756,201
756,217
756,647
756,358
756,412
757,502
757,578
757,819
757,123
757,209
757,485
757,560
757,716
757,761
757,807
757,177
757,990
757,140
757,290
757,395
758,642
758,720
758,604
758,9
758,24
758,55
758,165
758,377
758,474
758,492
758,585
758,674
758,765
758,779
758,781
759,331
759,620
759,833
759,665
759,920
759,203
759,6
759,664
759,935
759,211
759,264
759,945
759,561
759,862
759,230
760,90
760,387
760,453
760,572
760,677
760,693
760,581
760,122
760,118
760,159
760,501
760,84
760,210
760,248
760,615
761,901
761,807
761,819
761,560
761,123
761,826
761,209
761,485
761,502
761,578
761,757
761,96
761,521
761,802
761,33
762,580
762,605
762,58
762,371
762,914
762,320
762,401
762,658
762,204
762,403
762,347
762,385
762,908
762,976
762,811
763,296
763,121
763,653
763,813
763,997
763,365
763,489
763,190
763,795
763,228
763,921
763,254
763,710
763,27
763,29
764,497
764,926
764,483
764,788
764,454
764,173
764,940
764,976
764,252
764,353
764,475
764,155
764,16
764,569
764,992
765,674
765,377
765,9
765,24
765,55
765,165
765,474
765,492
765,585
765,720
765,758
765,779
765,781
765,787
765,229
766,100
766,594
766,97
766,216
766,434
766,519
766,878
766,61
766,119
766,518
766,630
766,278
766,666
766,40
766,183
767,985
767,34
767,128
767,306
767,205
767,960
767,41
767,146
767,673
767,805
767,869
767,970
767,981
767,623
767,264
768,427
768,284
768,968
768,872
768,250
768,888
768,220
768,864
768,992
768,137
768,769
768,444
768,608
768,38
768,437
769,426
769,58
769,389
769,427
769,605
769,908
769,896
769,247
769,266
769,943
769,803
769,658
769,742
769,948
769,768
770,804
770,253
770,642
770,689
770,523
770,544
770,611
770,667
770,739
770,774
770,862
770,911
770,568
770,777
770,949
771,402
771,996
771,44
771,984
771,422
771,822
771,349
771,656
771,697
771,855
771,67
771,447
771,684
771,732
771,810
772,322
772,733
772,947
772,930
772,30
772,575
772,130
772,140
772,379
772,607
772,742
772,788
772,11
772,32
772,62
773,230
773,225
773,335
773,359
773,6
773,211
773,264
773,620
773,203
773,326
773,367
773,664
773,920
773,640
773,83
774,667
774,523
774,544
774,862
774,911
774,253
774,611
774,642
774,689
774,739
774,770
774,804
774,623
774,45
774,164
775,542
775,77
775,246
775,368
775,677
775,50
775,52
775,118
775,326
775,620
775,685
775,646
775,518
775,360
775,715
776,529
776,688
776,613
776,135
776,178
776,933
776,375
776,649
776,112
776,244
776,438
776,491
776,599
776,654
776,792
777,568
777,949
777,482
777,807
777,45
777,174
777,229
777,486
777,877
777,879
777,253
777,642
777,689
777,720
777,758
778,454
778,662
778,839
778,193
778,13
778,63
778,262
778,307
778,392
778,458
778,918
778,298
778,459
778,588
778,155
779,474
779,787
779,350
779,367
779,9
779,24
779,55
779,165
779,377
779,492
779,585
779,674
779,720
779,758
779,765
780,883
780,17
780,509
780,46
780,54
780,154
780,171
780,247
780,261
780,476
780,536
780,549
780,589
780,608
780,633
781,9
781,674
781,474
781,492
781,4
781,720
781,24
781,55
781,165
781,377
781,585
781,758
781,765
781,779
781,787
782,412
782,898
782,989
782,727
782,284
782,162
782,756
782,54
782,260
782,505
782,691
782,215
782,751
782,384
782,250
783,378
783,168
783,517
783,31
783,324
783,815
783,511
783,538
783,41
783,749
783,827
783,678
783,959
783,753
783,844
784,75
784,390
784,59
784,590
784,190
784,961
784,726
784,816
784,699
784,850
784,121
784,93
784,173
784,197
784,612
785,568
785,173
785,174
785,454
785,43
785,16
785,868
785,992
785,987
785,612
785,102
785,520
785,726
785,777
785,893
786,587
786,753
786,830
786,871
786,72
786,225
786,517
786,54
786,230
786,258
786,267
786,335
786,359
786,476
786,515
787,474
787,779
787,165
787,9
787,24
787,55
787,377
787,492
787,585
787,674
787,720
787,758
787,765
787,781
787,45
788,628
788,71
788,764
788,926
788,550
788,345
788,267
788,556
788,947
788,497
788,207
788,299
788,322
788,733
788,772
789,144
789,743
789,296
789,751
789,99
789,494
789,169
789,909
789,80
789,563
789,978
789,388
789,447
789,139
789,213
790,290
790,7
790,35
790,117
790,333
790,490
790,681
790,912
790,140
790,990
790,806
790,119
790,379
790,394
790,518
791,658
791,939
791,984
791,810
791,355
791,456
791,580
791,605
791,626
791,762
791,291
791,828
791,525
791,15
791,260
792,438
792,491
792,990
792,96
792,140
792,350
792,363
792,826
792,873
792,966
792,490
792,9
792,244
792,529
792,599
793,695
793,132
793,134
793,274
793,301
793,462
793,155
793,441
793,621
793,937
793,106
793,391
793,889
793,133
793,221
794,375
794,383
794,555
794,652
794,135
794,178
794,688
794,502
794,560
794,566
794,543
794,858
794,33
794,209
794,488
795,70
795,119
795,161
795,273
795,495
795,518
795,544
795,363
795,280
795,188
795,720
795,758
795,97
795,277
795,312
796,711
796,189
796,339
796,886
796,147
796,542
796,23
796,108
796,116
796,120
796,302
796,338
796,465
796,541
796,554
797,952
797,73
797,79
797,515
797,516
797,531
797,564
797,659
797,717
797,798
797,16
797,157
797,326
797,608
797,620
798,515
798,79
798,73
798,516
798,531
798,564
798,659
798,717
798,797
798,952
798,54
798,476
798,225
798,252
798,941
799,522
799,553
799,581
799,905
799,28
799,210
799,287
799,321
799,449
799,450
799,540
799,841
799,885
799,943
799,974
800,82
800,74
800,967
800,267
800,416
800,517
800,841
800,885
800,958
800,276
800,556
800,366
800,906
800,172
800,330
801,671
801,235
801,125
801,8
801,137
801,40
801,138
801,358
801,696
801,832
801,918
801,1
801,183
801,445
801,709
802,527
802,20
802,315
802,452
802,543
802,592
802,812
802,761
802,901
802,819
802,735
802,33
802,85
802,170
802,463
803,448
803,244
803,354
803,468
803,599
803,631
803,654
803,933
803,721
803,824
803,135
803,178
803,688
803,848
803,858
804,770
804,253
804,642
804,689
804,523
804,667
804,544
804,611
804,739
804,774
804,862
804,911
804,98
804,568
804,777
805,146
805,673
805,128
805,205
805,985
805,981
805,34
805,41
805,306
805,767
805,869
805,960
805,970
805,917
805,941
806,149
806,736
806,290
806,790
806,746
806,439
806,500
806,609
806,610
806,875
806,904
806,15
806,99
806,142
806,150
807,761
807,819
807,297
807,777
807,681
807,123
807,209
807,485
807,502
807,560
807,578
807,757
807,661
807,405
807,482
808,570
808,81
808,318
808,42
808,50
808,52
808,83
808,227
808,364
808,493
808,542
808,640
808,680
808,685
808,700
809,98
809,567
809,699
809,329
809,308
809,739
809,862
809,420
809,166
809,370
809,298
809,317
809,25
809,269
809,360
810,447
810,153
810,791
810,402
810,44
810,300
810,325
810,169
810,976
810,488
810,15
810,67
810,288
810,355
810,396
811,7
811,53
811,721
811,48
811,929
811,362
811,27
811,277
811,312
811,490
811,244
811,654
811,625
811,259
811,347
812,315
812,543
812,20
812,452
812,527
812,592
812,802
812,975
812,337
812,613
812,195
812,182
812,102
812,170
812,105
813,653
813,121
813,763
813,734
813,317
813,965
813,29
813,370
813,980
813,836
813,181
813,228
813,921
813,27
813,94
814,465
814,541
814,554
814,606
814,661
814,900
814,376
814,23
814,108
814,116
814,120
814,189
814,302
814,338
814,339
815,324
815,31
815,168
815,378
815,517
815,783
815,549
815,141
815,310
815,880
815,843
815,74
815,146
815,193
815,547
816,836
816,334
816,361
816,846
816,93
816,75
816,147
816,159
816,343
816,408
816,421
816,501
816,545
816,577
816,597
817,751
817,505
817,583
817,609
817,864
817,904
817,913
817,989
817,219
817,151
817,229
817,439
817,282
817,500
817,610
818,469
818,698
818,260
818,199
818,406
818,632
818,968
818,572
818,250
818,384
818,514
818,872
818,888
818,690
818,780
819,761
819,807
819,578
819,757
819,432
819,123
819,209
819,485
819,502
819,560
819,269
819,990
819,490
819,463
819,802
820,550
820,916
820,591
820,991
820,956
820,369
820,293
820,704
820,732
820,636
820,687
820,741
820,185
820,71
820,707
821,33
821,85
821,170
821,901
821,858
821,740
821,297
821,625
821,716
821,463
821,973
821,208
821,631
821,238
821,496
822,697
822,422
822,656
822,855
822,894
822,771
822,304
822,816
822,245
822,976
822,44
822,349
822,402
822,571
822,996
823,263
823,11
823,322
823,484
823,517
823,830
823,283
823,437
823,220
823,703
823,587
823,753
823,786
823,460
823,201
824,266
824,270
824,870
824,414
824,834
824,156
824,347
824,526
824,574
824,584
824,624
824,863
824,890
824,940
824,287
825,890
825,23
825,108
825,116
825,120
825,189
825,302
825,338
825,339
825,465
825,541
825,554
825,603
825,606
825,661
826,96
826,761
826,140
826,350
826,363
826,438
826,491
826,792
826,873
826,966
826,990
826,560
826,807
826,819
826,24
827,511
827,880
827,141
827,310
827,844
827,160
827,215
827,378
827,783
827,18
827,314
827,443
827,617
827,730
827,915
828,204
828,565
828,56
828,114
828,231
828,374
828,576
828,645
828,725
828,728
828,747
828,928
828,946
828,522
828,700
829,313
829,467
829,919
829,727
829,982
829,47
829,1
829,445
829,671
829,801
829,40
829,60
829,145
829,552
829,691
830,587
830,753
830,786
830,871
830,517
830,72
830,230
830,515
830,225
830,359
830,823
830,54
830,258
830,267
830,335
831,413
831,139
831,528
831,463
831,5
831,75
831,208
831,357
831,958
831,488
831,975
831,692
831,393
831,590
831,155
832,708
832,892
832,482
832,57
832,237
832,255
832,358
832,431
832,433
832,470
832,683
832,724
832,839
832,112
832,587
833,945
833,460
833,759
833,280
833,283
833,332
833,539
833,113
833,243
833,331
833,862
833,6
833,203
833,664
833,935
834,584
834,624
834,414
834,824
834,347
834,156
834,266
834,270
834,526
834,574
834,863
834,870
834,890
834,841
834,111
835,257
835,735
835,899
835,187
835,176
835,596
835,100
835,369
835,86
835,521
835,955
835,29
835,94
835,734
835,965
836,816
836,181
836,361
836,334
836,846
836,93
836,166
836,147
836,159
836,343
836,408
836,421
836,501
836,545
836,577
837,381
837,748
837,298
837,590
837,662
837,392
837,139
837,163
837,528
837,672
837,702
837,739
837,862
837,925
837,348
838,272
838,963
838,904
838,610
838,364
838,68
838,23
838,10
838,637
838,840
838,902
838,149
838,401
838,914
838,603
839,141
839,431
839,470
839,724
839,778
839,57
839,237
839,255
839,358
839,433
839,683
839,832
839,604
839,662
839,11
840,637
840,494
840,876
840,80
840,144
840,169
840,647
840,838
840,963
840,99
840,552
840,252
840,563
840,413
840,272
841,449
841,885
841,974
841,28
841,210
841,287
841,321
841,450
841,522
841,540
841,553
841,581
841,799
841,905
841,943
842,365
842,436
842,61
842,278
842,655
842,987
842,268
842,43
842,121
842,622
842,434
842,861
842,216
842,594
842,586
843,336
843,731
843,549
843,303
843,852
843,137
843,382
843,419
843,696
843,709
843,892
843,977
843,319
843,602
843,815
844,141
844,310
844,511
844,827
844,880
844,237
844,517
844,683
844,111
844,303
844,399
844,416
844,917
844,783
844,348
845,122
845,418
845,159
845,200
845,501
845,866
845,602
845,319
845,399
845,387
845,90
845,730
845,18
845,834
845,816
846,343
846,334
846,361
846,816
846,836
846,572
846,698
846,181
846,612
846,109
846,293
846,635
846,676
846,554
846,726
847,424
847,655
847,102
847,4
847,373
847,519
847,878
847,987
847,268
847,97
847,235
847,341
847,720
847,758
847,40
848,896
848,107
848,294
848,613
848,983
848,604
848,135
848,178
848,424
848,448
848,688
848,803
848,625
848,825
848,621
849,25
849,269
849,411
849,423
849,477
849,521
849,710
849,723
849,955
849,676
849,430
849,850
849,877
849,879
849,110
850,375
850,934
850,639
850,430
850,849
850,289
850,784
850,279
850,730
850,240
850,979
850,959
850,417
850,25
850,86
851,993
851,634
851,346
851,510
851,195
851,802
851,865
851,999
851,62
851,535
851,462
851,275
851,705
851,142
851,750
852,254
852,183
852,843
852,226
852,238
852,241
852,309
852,356
852,446
852,496
852,520
852,893
852,303
852,544
852,549
853,105
853,239
853,301
853,29
853,117
853,594
853,681
853,734
853,912
853,315
853,812
853,965
853,394
853,103
853,223
854,754
854,195
854,376
854,441
854,937
854,126
854,603
854,706
854,507
854,189
854,339
854,526
854,796
854,886
854,23
855,422
855,656
855,697
855,822
855,121
855,245
855,897
855,44
855,349
855,402
855,571
855,771
855,996
855,181
855,675
856,59
856,214
856,390
856,254
856,638
856,641
856,969
856,430
856,26
856,567
856,699
856,648
856,14
856,866
856,962
857,864
857,243
857,380
857,427
857,398
857,426
857,444
857,665
857,128
857,460
857,264
857,367
857,464
857,397
857,280
858,33
858,740
858,716
858,821
858,85
858,170
858,297
858,625
858,901
858,553
858,654
858,393
858,543
858,136
858,194
859,149
859,142
859,403
859,99
859,224
859,525
859,743
859,930
859,581
859,974
859,374
859,270
859,222
859,705
859,736
860,534
860,113
860,730
860,417
860,733
860,959
860,639
860,71
860,91
860,991
860,72
860,894
860,11
860,263
860,322
861,988
861,436
861,277
861,199
861,259
861,312
861,622
861,630
861,238
861,70
861,216
861,666
861,721
861,954
861,852
862,739
862,523
862,774
862,911
862,945
862,253
862,544
862,611
862,642
862,667
862,689
862,770
862,804
862,977
862,163
863,414
863,156
863,347
863,266
863,270
863,526
863,574
863,584
863,624
863,824
863,834
863,870
863,890
863,137
863,752
864,857
864,243
864,380
864,439
864,460
864,201
864,768
864,770
864,219
864,234
864,426
864,427
864,817
864,229
864,665
865,634
865,993
865,999
865,375
865,556
865,213
865,529
865,851
865,922
865,742
865,874
865,300
865,776
865,649
865,82
866,122
866,159
866,200
866,418
866,501
866,845
866,90
866,387
866,693
866,969
866,39
866,266
866,270
866,334
866,824
867,896
867,1000
867,101
867,58
867,575
867,986
867,591
867,292
867,276
867,607
867,636
867,383
867,741
867,132
867,508
868,27
868,173
868,254
868,430
868,638
868,641
868,973
868,115
868,568
868,785
868,489
868,612
868,369
868,423
868,520
869,981
869,673
869,41
869,34
869,128
869,146
869,205
869,306
869,767
869,805
869,960
869,970
869,985
869,95
869,400
870,441
870,266
870,270
870,824
870,314
870,156
870,347
870,414
870,526
870,574
870,584
870,624
870,834
870,863
870,890
871,786
871,587
871,753
871,830
871,168
871,345
871,17
871,267
871,608
871,6
871,203
871,212
871,299
871,536
871,659
872,250
872,888
872,514
872,768
872,968
872,696
872,245
872,372
872,562
872,260
872,284
872,427
872,818
872,712
872,561
873,990
873,96
873,140
873,350
873,363
873,438
873,491
873,792
873,826
873,966
873,117
873,681
873,912
873,435
873,37
874,483
874,224
874,403
874,634
874,772
874,865
874,366
874,619
874,629
874,379
874,394
874,213
874,396
874,742
874,993
875,904
875,144
875,500
875,609
875,610
875,542
875,796
875,711
875,149
875,736
875,806
875,213
875,426
875,525
875,743
876,494
876,637
876,840
876,467
876,198
876,80
876,169
876,563
876,15
876,272
876,352
876,552
876,647
876,750
876,838
877,9
877,879
877,486
877,45
877,174
877,229
877,568
877,777
877,949
877,611
877,674
877,781
877,161
877,182
877,849
878,519
878,4
878,373
878,424
878,847
878,294
878,720
878,40
878,183
878,766
878,179
878,562
878,616
878,712
878,899
879,877
879,486
879,949
879,45
879,174
879,229
879,568
879,777
879,9
879,611
879,674
879,781
879,495
879,273
879,585
880,310
880,141
880,827
880,724
880,511
880,844
880,473
880,219
880,319
880,324
880,431
880,470
880,815
880,839
880,160
881,372
881,895
881,972
881,398
881,11
881,882
881,479
881,145
881,250
881,201
881,406
881,484
881,936
881,823
881,320
882,282
882,583
882,196
882,428
882,145
882,881
882,703
882,756
882,47
882,213
882,505
882,643
882,751
882,755
882,817
883,780
883,54
883,17
883,46
883,154
883,171
883,247
883,261
883,476
883,509
883,536
883,549
883,589
883,608
883,633
884,245
884,349
884,897
884,984
884,968
884,115
884,281
884,404
884,991
884,693
884,58
884,91
884,284
884,329
884,389
885,450
885,841
885,645
885,547
885,28
885,210
885,287
885,321
885,449
885,522
885,540
885,553
885,581
885,799
885,905
886,189
886,339
886,796
886,900
886,23
886,108
886,116
886,120
886,302
886,338
886,465
886,541
886,554
886,603
886,606
887,633
887,38
887,220
887,437
887,944
887,241
887,236
887,284
887,744
887,171
887,198
887,260
887,427
887,561
887,690
888,250
888,872
888,514
888,608
888,768
888,398
888,380
888,372
888,580
888,384
888,260
888,284
888,427
888,818
888,968
889,106
889,582
889,69
889,87
889,167
889,184
889,410
889,435
889,533
889,711
889,994
889,391
889,695
889,541
889,546
890,156
890,347
890,574
890,625
890,825
890,266
890,270
890,414
890,526
890,584
890,624
890,824
890,834
890,863
890,870
891,391
891,152
891,133
891,198
891,409
891,301
891,366
891,14
891,208
891,584
891,624
891,834
891,36
891,69
891,410
892,419
892,171
892,832
892,137
892,336
892,382
892,696
892,709
892,731
892,843
892,977
892,18
892,92
892,215
892,314
893,520
893,356
893,226
893,238
893,241
893,309
893,446
893,496
893,852
893,949
893,942
893,341
893,382
893,277
893,312
894,422
894,697
894,822
894,304
894,245
894,91
894,615
894,860
894,281
894,308
894,320
894,343
894,372
894,404
894,499
895,372
895,881
895,583
895,406
895,936
895,320
895,935
895,201
895,484
895,145
895,823
895,250
895,398
895,439
895,479
896,848
896,867
896,1000
896,426
896,769
896,32
896,825
896,30
896,62
896,101
896,103
896,130
896,223
896,292
896,385
897,991
897,884
897,422
897,855
897,113
897,175
897,534
897,656
897,987
897,181
897,349
897,571
897,997
897,846
897,246
898,751
898,782
898,412
898,756
898,196
898,348
898,551
898,392
898,552
898,479
898,80
898,563
898,703
898,989
898,573
899,735
899,835
899,187
899,257
899,86
899,294
899,519
899,537
899,878
899,921
899,100
899,965
899,228
899,613
899,202
900,465
900,541
900,606
900,554
900,661
900,814
900,338
900,886
900,339
900,23
900,108
900,116
900,120
900,189
900,302
901,761
901,33
901,85
901,170
901,821
901,740
901,297
901,625
901,716
901,858
901,238
901,802
901,208
901,631
901,53
902,910
902,680
902,364
902,131
902,591
902,737
902,52
902,700
902,68
902,330
902,50
902,83
902,318
902,331
902,291
903,22
903,265
903,510
903,342
903,745
903,217
903,313
903,461
903,573
903,982
903,538
903,678
903,125
903,434
903,218
904,875
904,609
904,500
904,610
904,149
904,838
904,116
904,213
904,23
904,426
904,525
904,817
904,889
904,736
904,806
905,28
905,321
905,449
905,553
905,540
905,581
905,974
905,799
905,210
905,287
905,450
905,522
905,841
905,885
905,943
906,701
906,366
906,927
906,221
906,5
906,357
906,416
906,69
906,237
906,240
906,410
906,462
906,683
906,891
906,957
907,598
907,647
907,487
907,169
907,815
907,452
907,288
907,300
907,396
907,456
907,626
907,74
907,967
907,692
907,251
908,744
908,930
908,291
908,322
908,769
908,62
908,437
908,828
908,58
908,207
908,56
908,576
908,580
908,733
908,565
909,104
909,78
909,353
909,429
909,789
909,483
909,978
909,388
909,494
909,19
909,169
909,256
909,275
909,325
909,976
910,902
910,291
910,83
910,227
910,640
910,680
910,920
910,570
910,665
910,759
910,826
910,685
910,707
910,207
910,330
911,862
911,774
911,234
911,253
911,523
911,544
911,611
911,642
911,667
911,689
911,739
911,770
911,804
911,722
911,229
912,117
912,681
912,35
912,333
912,490
912,790
912,105
912,873
912,317
912,853
912,96
912,438
912,106
912,116
912,953
913,668
913,327
913,428
913,736
913,149
913,869
913,689
913,440
913,151
913,627
913,817
913,981
913,180
913,472
913,682
914,401
914,371
914,49
914,487
914,762
914,320
914,131
914,426
914,508
914,935
914,580
914,272
914,838
914,902
914,15
915,611
915,160
915,617
915,635
915,335
915,127
915,192
915,219
915,340
915,400
915,442
915,623
915,714
915,917
915,174
916,115
916,258
916,660
916,704
916,820
916,956
916,635
916,741
916,986
916,612
916,569
916,293
916,868
916,335
916,27
917,160
917,400
917,127
917,192
917,219
917,340
917,442
917,617
917,623
917,714
917,915
917,805
917,359
917,111
917,303
918,458
918,63
918,13
918,262
918,307
918,392
918,454
918,778
918,235
918,57
918,382
918,612
918,801
918,358
918,459
919,745
919,668
919,829
919,355
919,766
919,972
919,982
919,1
919,67
919,188
919,260
919,406
919,445
919,469
919,732
920,331
920,665
920,759
920,359
920,773
920,225
920,230
920,283
920,335
920,6
920,332
920,910
920,917
920,460
920,380
921,228
921,140
921,537
921,616
921,899
921,93
921,190
921,430
921,697
921,121
921,173
921,653
921,726
921,763
921,813
922,461
922,217
922,634
922,682
922,993
922,372
922,289
922,433
922,865
922,47
922,871
922,168
922,163
922,328
922,282
923,467
923,306
923,145
923,719
923,313
923,474
923,10
923,552
923,398
923,45
923,180
923,472
923,632
923,650
923,989
924,636
924,124
924,687
924,60
924,732
924,51
924,704
924,187
924,323
924,304
924,10
924,598
924,12
924,820
924,455
925,702
925,672
925,129
925,92
925,163
925,731
925,241
925,309
925,709
925,977
925,76
925,259
925,381
925,651
925,739
926,497
926,764
926,550
926,408
926,788
926,475
926,139
926,600
926,707
926,89
926,503
926,252
926,353
926,528
926,207
927,504
927,701
927,906
927,5
927,357
927,619
927,629
927,692
927,139
927,163
927,242
927,337
927,528
927,651
927,148
928,576
928,728
928,374
928,56
928,114
928,204
928,231
928,565
928,645
928,725
928,747
928,828
928,946
928,449
928,841
929,21
929,681
929,297
929,7
929,48
929,53
929,721
929,811
929,624
929,354
929,35
929,239
929,622
929,351
929,950
930,744
930,908
930,772
930,581
930,30
930,374
930,38
930,130
930,393
930,733
930,540
930,210
930,974
930,220
930,292
931,116
931,603
931,606
931,737
931,23
931,108
931,120
931,189
931,302
931,338
931,339
931,465
931,541
931,554
931,661
932,567
932,25
932,360
932,457
932,498
932,715
932,548
932,36
932,69
932,240
932,410
932,595
932,957
932,290
932,545
933,654
933,244
933,599
933,448
933,354
933,468
933,631
933,803
933,776
933,740
933,491
933,613
933,529
933,438
933,48
934,850
934,202
934,489
934,548
934,639
934,991
934,537
934,735
934,776
934,112
934,135
934,176
934,178
934,187
934,228
935,398
935,439
935,243
935,759
935,372
935,514
935,895
935,203
935,664
935,739
935,833
935,371
935,401
935,914
935,331
936,406
936,67
936,201
936,895
936,583
936,310
936,217
936,145
936,146
936,745
936,756
936,372
936,881
936,47
936,188
937,441
937,195
937,376
937,754
937,854
937,408
937,621
937,695
937,793
937,88
937,266
937,270
937,824
937,825
937,870
938,729
938,153
938,388
938,958
938,507
938,480
938,147
938,408
938,577
938,16
938,157
938,210
938,405
938,581
938,974
939,120
939,15
939,69
939,791
939,320
939,963
939,49
939,371
939,401
939,487
939,914
939,352
939,42
939,700
939,736
940,503
940,89
940,388
940,109
940,147
940,408
940,577
940,978
940,606
940,270
940,824
940,325
940,155
940,266
940,334
941,951
941,157
941,16
941,193
941,601
941,515
941,517
941,805
941,798
941,749
941,958
941,459
941,43
941,659
941,64
942,215
942,698
942,944
942,18
942,319
942,39
942,111
942,303
942,314
942,512
942,602
942,382
942,156
942,893
942,400
943,287
943,450
943,321
943,522
943,974
943,728
943,28
943,210
943,449
943,540
943,553
943,581
943,799
943,841
943,885
944,698
944,942
944,597
944,633
944,18
944,39
944,111
944,215
944,303
944,314
944,319
944,512
944,602
944,241
944,236
945,249
945,670
945,833
945,862
945,8
945,138
945,164
945,234
945,420
945,464
945,719
945,722
945,977
945,237
945,340
946,725
946,747
946,231
946,56
946,114
946,204
946,374
946,565
946,576
946,645
946,728
946,828
946,928
946,207
946,148
947,733
947,322
947,772
947,292
947,607
947,345
947,299
947,788
947,575
947,534
947,930
947,993
947,742
947,242
947,628
948,346
948,162
948,456
948,65
948,769
948,266
948,999
948,943
948,2
948,557
948,738
948,207
948,352
948,658
948,605
949,568
949,777
949,879
949,720
949,45
949,174
949,229
949,486
949,877
949,893
949,179
949,253
949,642
949,689
949,758
950,26
950,530
950,21
950,962
950,198
950,619
950,136
950,148
950,194
950,208
950,393
950,651
950,752
950,287
950,605
951,157
951,941
951,16
951,193
951,601
951,131
951,516
951,564
951,717
951,181
951,618
951,869
951,981
951,987
951,64
952,797
952,171
952,587
952,73
952,79
952,515
952,516
952,531
952,564
952,659
952,717
952,798
952,16
952,157
952,326
953,42
953,700
953,640
953,493
953,50
953,52
953,81
953,83
953,227
953,318
953,364
953,542
953,570
953,680
953,685
954,666
954,630
954,61
954,278
954,328
954,333
954,604
954,70
954,216
954,861
954,988
954,298
954,566
954,112
954,255
955,723
955,521
955,477
955,269
955,710
955,411
955,25
955,423
955,849
955,176
955,471
955,761
955,807
955,819
955,973
956,248
956,455
956,687
956,293
956,916
956,172
956,181
956,276
956,466
956,572
956,618
956,159
956,501
956,329
956,820
957,240
957,648
957,708
957,399
957,36
957,237
957,366
957,478
957,595
957,683
957,906
957,932
957,358
957,72
957,979
958,153
958,729
958,388
958,938
958,252
958,841
958,353
958,82
958,800
958,831
958,885
958,941
958,449
958,109
958,181
959,615
959,417
959,730
959,158
959,378
959,453
959,783
959,995
959,693
959,71
959,860
959,72
959,191
959,343
959,399
960,981
960,205
960,970
960,128
960,767
960,34
960,41
960,146
960,306
960,673
960,805
960,869
960,985
960,620
960,157
961,726
961,173
961,190
961,228
961,423
961,653
961,25
961,254
961,638
961,641
961,784
961,75
961,197
961,723
961,86
962,21
962,950
962,194
962,26
962,136
962,148
962,208
962,393
962,530
962,651
962,752
962,152
962,740
962,133
962,336
963,272
963,838
963,305
963,750
963,939
963,647
963,840
963,736
963,533
963,95
963,757
963,10
963,352
963,467
963,494
964,232
964,12
964,206
964,483
964,675
964,361
964,75
964,813
964,99
964,296
964,151
964,402
964,656
964,224
964,897
965,734
965,29
965,94
965,100
965,813
965,216
965,351
965,653
965,257
965,899
965,853
965,980
965,187
965,735
965,835
966,363
966,990
966,96
966,140
966,350
966,438
966,491
966,792
966,826
966,873
966,720
966,167
966,931
966,202
966,294
967,74
967,82
967,800
967,644
967,3
967,324
967,388
967,540
967,569
967,692
967,729
967,799
967,815
967,242
967,449
968,284
968,427
968,768
968,201
968,690
968,58
968,872
968,818
968,243
968,679
968,884
968,444
968,520
968,17
968,536
969,595
969,478
969,14
969,36
969,197
969,391
969,856
969,866
969,693
969,648
969,382
969,731
969,90
969,254
969,387
970,205
970,960
970,306
970,981
970,714
970,34
970,41
970,128
970,146
970,673
970,767
970,805
970,869
970,985
970,192
971,191
971,713
971,72
971,417
971,648
971,368
971,71
971,246
971,628
971,704
971,559
971,830
971,615
971,959
971,991
972,881
972,398
972,304
972,250
972,385
972,679
972,745
972,919
972,235
972,88
972,103
972,223
972,372
972,439
972,479
973,254
973,430
973,638
973,641
973,868
973,59
973,269
973,723
973,821
973,537
973,214
973,596
973,33
973,85
973,170
974,210
974,581
974,449
974,540
974,841
974,905
974,321
974,943
974,28
974,287
974,450
974,522
974,553
974,799
974,885
975,488
975,463
975,37
975,812
975,139
975,528
975,600
975,315
975,209
975,383
975,89
975,831
975,170
975,485
975,527
976,447
976,605
976,385
976,762
976,371
976,422
976,764
976,822
976,810
976,49
976,103
976,223
976,320
976,401
976,479
977,709
977,382
977,137
977,336
977,419
977,696
977,731
977,843
977,892
977,945
977,862
977,672
977,702
977,925
977,249
978,408
978,577
978,89
978,109
978,147
978,503
978,940
978,108
978,600
978,388
978,302
978,338
978,376
978,473
978,541
979,214
979,692
979,504
979,534
979,648
979,957
979,755
979,98
979,240
979,708
979,850
979,399
979,5
979,59
979,75
980,27
980,311
980,316
980,362
980,537
980,630
980,29
980,259
980,813
980,965
980,988
980,317
980,811
980,489
980,596
981,960
981,869
981,400
981,618
981,128
981,805
981,970
981,34
981,41
981,146
981,205
981,306
981,673
981,767
981,985
982,428
982,878
982,142
982,265
982,671
982,829
982,512
982,218
982,643
982,919
982,222
982,705
982,903
982,913
982,1
983,107
983,376
983,294
983,613
983,848
983,462
983,239
983,452
983,950
983,187
983,350
983,354
983,373
983,236
983,274
984,245
984,771
984,791
984,51
984,884
984,281
984,404
984,115
984,285
984,323
984,44
984,260
984,402
984,658
984,684
985,767
985,34
985,128
985,306
985,523
985,805
985,41
985,146
985,205
985,673
985,869
985,960
985,970
985,981
985,219
986,741
986,535
986,204
986,172
986,276
986,591
986,114
986,644
986,364
986,645
986,916
986,212
986,318
986,867
986,195
987,655
987,268
987,616
987,586
987,669
987,847
987,102
987,785
987,341
987,720
987,758
987,520
987,951
987,842
987,474
988,277
988,861
988,199
988,259
988,312
988,436
988,622
988,630
988,70
988,216
988,666
988,721
988,954
988,852
988,481
989,782
989,632
989,196
989,188
989,627
989,467
989,817
989,923
989,440
989,161
989,985
989,219
989,523
989,412
989,460
990,140
990,873
990,792
990,966
990,490
990,96
990,350
990,363
990,438
990,491
990,826
990,819
990,757
990,294
990,502
991,71
991,897
991,820
991,246
991,534
991,934
991,72
991,191
991,417
991,713
991,860
991,971
991,884
991,788
991,997
992,16
992,397
992,444
992,454
992,1000
992,785
992,768
992,283
992,31
992,84
992,174
992,483
992,797
992,952
992,519
993,865
993,634
993,851
993,922
993,947
993,300
993,800
993,271
993,999
993,221
993,288
993,396
993,322
993,556
993,267
994,410
994,87
994,167
994,582
994,69
994,106
994,184
994,435
994,533
994,711
994,889
994,485
994,108
994,123
994,234
995,158
995,466
995,532
995,677
995,453
995,959
995,246
995,77
995,498
995,98
995,387
995,524
995,869
995,90
995,960
996,771
996,44
996,402
996,656
996,571
996,304
996,349
996,100
996,422
996,697
996,822
996,855
996,997
996,67
996,447
997,296
997,763
997,571
997,656
997,675
997,897
997,996
997,466
997,784
997,71
997,497
997,764
997,820
997,926
997,991
998,508
998,426
998,401
998,177
998,32
998,49
998,371
998,742
998,243
998,491
998,757
998,487
998,914
998,808
998,189
999,865
999,948
999,743
999,634
999,851
999,993
999,389
999,207
999,725
999,747
999,946
999,540
999,133
999,152
999,21
1000,867
1000,896
1000,569
1000,992
1000,30
1000,500
1000,483
1000,519
1000,62
1000,101
1000,103
1000,130
1000,223
1000,292
1000,385
